,Unnamed: 0,Unnamed: 0.1,venue_id,name,lat,lng,address,distance,postalCode,cc,city,state,country,category,tipCount,likes,rating,price_tier,payments,phone,twitter,facebook,menu,formattedAddress,category_name,raw_price
0,0,0,5364e8a7498e241e281a4333,Motel L,59.30288088212711,18.087712655014716,Hammarby Allé 41,1059,120 61,SE,Stockholm,Storstockholm,Sverige,Hotel,30.0,125.0,8.3,,Credit Cards: Yes,46840902600.0,,,,"Hammarby Allé 41, 120 61 Stockholm, Sverige","Hotel, Motel",68.0
1,1,1,55e535c4498e77effb10d702,Best Western Nofo Hotel,59.315679405668774,18.078735495786525,Tjärhovsgatan 11,2473,116 21,SE,Stockholm,Storstockholm,Sverige,Hotel,4.0,59.0,8.9,,Credit Cards: Yes,46850311200.0,bestwestern,1548419788717310.0,,"Tjärhovsgatan 11, 116 21 Stockholm, Sverige",Hotel,127.0
2,2,2,4bc366b4f8219c744d09b610,Elite Hotel Marina Tower,59.31470303947479,18.109397883535138,Saltsjöqvarns Kaj 25,2769,131 71,SE,Stockholm,Storstockholm,Sverige,Hotel,27.0,87.0,8.7,,Credit Cards: Yes (incl. American Express),46856621740.0,elitehotels,,,"Saltsjöqvarns Kaj 25, 131 71 Stockholm, Sverige","Hotel, Restaurant",123.0
3,3,3,4adcdae8f964a520555921e3,Hotel Rival,59.31816651071166,18.063310963002028,Mariatorget 3,2967,118 48,SE,Stockholm,Storstockholm,Sverige,Hotel,42.0,165.0,8.8,,Credit Cards: Yes (incl. American Express & MasterCard),46854578900.0,therivalhotel,154087041299345.0,,"Mariatorget 3, 118 48 Stockholm, Sverige",Hotel,159.0
4,4,4,58e3cdbde7f1cf45249d11e9,Biz Apt Hammarby Sjöstad,59.301891345354356,18.098657383827288,Mariatorget 3,1258,120 30,SE,Stockholm,Storstockholm,Sverige,Hotel,6.0,15.0,8.0,,,,,,,"120 30 Stockholm, Sverige",Hotel,82.0
5,5,5,4afeef9df964a520e43122e3,Hotel Skeppsholmen,59.32475095127594,18.087658882141113,Gröna Gången 1,3475,111 49,SE,Stockholm,Storstockholm,Sverige,Hotel,36.0,123.0,8.7,,Credit Cards: Yes,4684072300.0,hotskeppsholmen,108644337144.0,,"Gröna Gången 1, 111 49 Stockholm, Sverige",Hotel,170.0
6,6,6,4adcdaeaf964a5209c5921e3,Lydmar Hotel,59.32901949022164,18.07714687160898,Södra Blasieholmshamnen 2,3959,103 24,SE,Stockholm,Storstockholm,Sverige,Hotel,50.0,139.0,9.0,,Credit Cards: Yes (incl. American Express & MasterCard),468223160.0,lydmarlive,187556504591315.0,,"Södra Blasieholmshamnen 2, 103 24 Stockholm, Sverige","Hotel, Bar",273.0
7,7,7,58d36bd98ab03f3dceb3d9fe,At Six,59.33105670000001,18.0669304,Brunkebergstorg 6,4275,111 51,SE,Stockholm,Storstockholm,Sverige,Hotel,19.0,99.0,9.0,,Credit Cards: Yes,46857882800.0,,870295593103220.0,,"Brunkebergstorg 6, 111 51 Stockholm, Sverige",Hotel,182.0
8,8,8,4adcdae8f964a520395921e3,Grand Hôtel Stockholm,59.329363966177645,18.07539179880029,Södra Blasieholmshamnen 8,4008,SE 103 27,SE,Stockholm,Storstockholm,Sverige,Hotel,59.0,335.0,8.7,,Credit Cards: Yes (incl. American Express & MasterCard),4686793500.0,grandhotelsthlm,149844863100.0,,"Södra Blasieholmshamnen 8 (Stallgatan), SE 103 27 Stockholm, Sverige","Hotel, Event Space, Restaurant",310.0
9,9,9,4adcdae9f964a520685921e3,Hotel Diplomat Stockholm,59.3319054,18.080631600000004,Strandvägen 7,4267,114 56,SE,Stockholm,Storstockholm,Sverige,Hotel,21.0,102.0,8.7,,Credit Cards: Yes (incl. American Express & MasterCard),4684596800.0,,373134636075543.0,,"Strandvägen 7, 114 56 Stockholm, Sverige",Hotel,181.0
10,10,10,4adcdae8f964a5204f5921e3,Scandic Continental,59.33112010299758,18.05904468554665,Vasagatan 22,4403,111 20,SE,Stockholm,Storstockholm,Sverige,Hotel,26.0,117.0,8.7,,Credit Cards: Yes,46851734200.0,scandicsverige,233012900082020.0,,"Vasagatan 22, 111 20 Stockholm, Sverige","Hotel, Hotel Bar",157.0
11,11,11,4d3db01efb4c5481eb50df14,Radisson Blu Waterfront Hotel,59.3298307,18.056176500000007,Nils Ericsons Plan 4,4323,111 64,SE,Stockholm,Storstockholm,Sverige,Hotel,89.0,312.0,8.6,,Credit Cards: Yes (incl. American Express),46850506000.0,radissonblu,133713343355714.0,,"Nils Ericsons Plan 4 (Stockholm Central), 111 64 Stockholm, Sverige","Hotel, Convention Center, Event Space",119.0
12,12,12,4bcdd773511f9521a741b5c7,Clarion Hotel Stockholm,59.30726189999999,18.0750499,Ringvägen 98,1596,118 60,SE,Stockholm,Storstockholm,Sverige,Hotel,60.0,194.0,7.7,,Credit Cards: Yes (incl. American Express & MasterCard),4684621000.0,nordic_choice,199232050095323.0,,"Ringvägen 98, 118 60 Stockholm, Sverige",Hotel,81.0
13,13,13,533bb9ce11d23b1e68364831,Miss Clara by Nobis,59.337577836724996,18.0621537566185,Sveavägen 48,5044,111 86,SE,Stockholm,Storstockholm,Sverige,Hotel,22.0,195.0,8.7,,Credit Cards: Yes (incl. American Express & MasterCard),4684406700.0,,,,"Sveavägen 48 (Adolf Fredriks Kyrkogata), 111 86 Stockholm, Sverige",Hotel,127.0
14,14,14,5731ff19498e447f1078ba15,Haymarket by Scandic,59.33493402597131,18.061605972555267,Hötorget 13-15,4767,111 57,SE,Stockholm,Storstockholm,Sverige,Hotel,24.0,172.0,8.4,,Credit Cards: Yes,46851726700.0,scandicsverige,138958592782290.0,,"Hötorget 13-15, 111 57 Stockholm, Sverige",Hotel,139.0
15,15,15,4fa3e3fbe4b0ddd494f6b1fb,Ett Hem,59.34549944588942,18.067862946427034,Sköldungagatan 2,5846,114 27,SE,Stockholm,Storstockholm,Sverige,Hotel,9.0,42.0,9.2,,Credit Cards: Yes,468200590.0,etthemstockholm,,,"Sköldungagatan 2 (Valhallavägen), 114 27 Stockholm, Sverige","Hotel, Restaurant",381.0
16,16,16,4adcdaeaf964a5208e5921e3,Rygerfjord Hotel & Hostel,59.32137852973993,18.058923144752566,Södermälarstrand Kajplats 11-15,3395,118 25,SE,Stockholm,Storstockholm,Sverige,Hostel,15.0,58.0,8.3,,Credit Cards: Yes (incl. American Express),468840830.0,,346254315426588.0,,"Södermälarstrand Kajplats 11-15, 118 25 Stockholm, Sverige","Hostel, Boat or Ferry, Hotel",72.0
17,17,17,4ceff7d528abb60caca0c509,Nobis Hotel,59.33338927009361,18.07412846005809,Norrmalmstorg 2-4,4461,111 86,SE,Stockholm,Storstockholm,Sverige,Hotel,75.0,200.0,8.3,,Credit Cards: Yes (incl. American Express & MasterCard),4686141000.0,nobis_hotel,,,"Norrmalmstorg 2-4, 111 86 Stockholm, Sverige",Hotel,269.0
18,18,18,4adcdaeaf964a5208c5921e3,Berns Hotel,59.332168748405856,18.073718197284233,Näckströmsgatan 8,4329,103 25,SE,Stockholm,Storstockholm,Sverige,Hotel,18.0,54.0,8.2,,Credit Cards: Yes (incl. American Express & MasterCard),,bernssalonger,,,"Näckströmsgatan 8, 103 25 Stockholm, Sverige","Hotel, Hotel Bar, Breakfast Spot",166.0
19,19,19,4adcdae9f964a520625921e3,Hotel Tegnerlunden,59.338164600000006,18.0544753,Tegnérlunden 8,5229,113 59,SE,Stockholm,Storstockholm,Sverige,Hotel,25.0,66.0,8.3,,Credit Cards: Yes (incl. American Express),46854545550.0,,2036630229911630.0,,"Tegnérlunden 8, 113 59 Stockholm, Sverige",Hotel,99.0
20,20,20,4addce61f964a520e26521e3,Clarion Hotel Sign,59.33471899999999,18.052985,Östra Järnvägsgatan 35,4896,111 20,SE,Stockholm,Storstockholm,Sverige,Hotel,49.0,213.0,8.1,,Credit Cards: Yes (incl. American Express & MasterCard),4686769800.0,nordic_choice,47231411032.0,,"Östra Järnvägsgatan 35, 111 20 Stockholm, Sverige","Hotel, Bar, Café",93.0
21,21,21,5b78255c603d2a002cce707a,Bank Hotel,59.331413977384926,18.07461133519968,Arsenalsgatan 6,4240,111 47,SE,Stockholm,Storstockholm,Sverige,Hotel,1.0,11.0,7.9,,Credit Cards: Yes,46859858000.0,,785571031595001.0,,"Arsenalsgatan 6, 111 47 Stockholm, Sverige",Hotel,221.0
22,22,22,4adcdae8f964a5203b5921e3,Victory Hotel,59.32436920000001,18.067853600000007,Lilla Nygatan 5,3540,111 28,SE,Stockholm,Storstockholm,Sverige,Hotel,7.0,12.0,7.8,,Credit Cards: Yes,46850640000.0,,109360789082318.0,,"Lilla Nygatan 5, 111 28 Stockholm, Sverige",Hotel,192.0
23,23,23,55cb2c09498e413bc3eaf971,Scandic Upplandsgatan,59.33637416041217,18.05488475669248,Upplandsgatan 4,5033,111 23,SE,Stockholm,Storstockholm,Sverige,Hotel,8.0,52.0,8.1,,Credit Cards: Yes,46851736600.0,scandicsverige,,,"Upplandsgatan 4, 111 23 Stockholm, Sverige",Hotel,
24,24,24,5228267d11d2d91dadcaedaf,Årstaviken Hotell,59.308830011093434,18.06008119427781,Hjalmar Cederströms gata 5,2158,118 61,SE,Stockholm,Storstockholm,Sverige,Hotel,1.0,11.0,7.5,,Credit Cards: Yes,46850110400.0,norlandiacare,,,"Hjalmar Cederströms gata 5, 118 61 Stockholm, Sverige","Hotel, Restaurant",83.0
25,25,25,4df8f3e2c65b6739205e1c2b,Elite Eden Park Hotel,59.338522925335255,18.074903918906003,Sturegatan 22,5025,114 36,SE,Stockholm,Storstockholm,Sverige,Hotel,15.0,35.0,8.1,,Credit Cards: Yes (incl. American Express),46855562700.0,elitehotels,,,"Sturegatan 22, 114 36 Stockholm, Sverige",Hotel,136.0
26,26,26,4adcdae8f964a5203a5921e3,Sheraton Stockholm Hotel,59.3290371,18.0615056,"Tegelbacken 6, Box 195",4139,101 23,SE,Stockholm,Storstockholm,Sverige,Hotel,69.0,274.0,7.8,,Credit Cards: Yes (incl. American Express & MasterCard),4684123400.0,spg,110654315637314.0,,"Tegelbacken 6, Box 195, 101 23 Stockholm, Sverige","Hotel, Event Space",150.0
27,27,27,4be8317b9a54a593eba40911,Mälardrottningen Yacht & Hotel,59.32409569534733,18.06257928900537,Södra Riddarholmshamnen,3598,111 28,SE,Stockholm,Storstockholm,Sverige,Hotel,22.0,32.0,7.9,,Credit Cards: Yes,46812090200.0,malardrottning,,,"Södra Riddarholmshamnen, 111 28 Stockholm, Sverige","Boat or Ferry, Hotel, Scandinavian Restaurant",103.0
28,28,28,58c12dcc110d030ba48b28fa,Hobo Hotel,59.33095,18.067078,Brunkebergstorg 4,4262,111 51,SE,Stockholm,Storstockholm,Sverige,Hotel,16.0,70.0,7.8,,Credit Cards: Yes (incl. American Express & MasterCard),46857882700.0,,1780044028890275.0,https://hobo.se/wp-content/uploads/2015/11/HOBO_Evening-menu-english.pdf,"Brunkebergstorg 4, 111 51 Stockholm, Sverige","Hotel, Lounge, Event Space",125.0
29,29,29,4adcdaeaf964a520985921e3,Hilton,59.320561979982884,18.06944511716418,Guldgränd 8,3107,104 65,SE,Stockholm,Storstockholm,Sverige,Hotel,42.0,202.0,7.5,,Credit Cards: Yes (incl. American Express & MasterCard),46851735300.0,hiltonstockholm,137619719644857.0,,"Guldgränd 8 (Slussen), 104 65 Stockholm, Sverige",Hotel,126.0
30,30,30,4adcdae8f964a520465921e3,Radisson Collection Strand Hotel,59.33093,18.07705,Nybrokajen 9,4172,103 27,SE,Stockholm,Storstockholm,Sverige,Hotel,29.0,85.0,7.6,,Credit Cards: Yes (incl. American Express),46850664000.0,radissonblu,184337274934300.0,,"Nybrokajen 9, 103 27 Stockholm, Sverige","Hotel, Event Space, Convention Center",150.0
31,31,31,4dd5307452b18e28aa2607ed,Sky Hotel Apartments Stockholm,59.3340578,18.0158607,Lindhagensgatan 90,5923,112 18,SE,Stockholm,Storstockholm,Sverige,Hotel,14.0,58.0,8.0,,Credit Cards: Yes (incl. American Express),46851800000.0,,188197764702642.0,,"Lindhagensgatan 90 (Ulriksborgsgatan), 112 18 Stockholm, Sverige",Hotel,102.0
32,32,32,4e680621196b01a6e9198a48,Scandic Grand Central,59.333721994253686,18.056100234481143,Kungsgatan 70,4731,111 20,SE,Stockholm,Storstockholm,Sverige,Hotel,62.0,216.0,7.7,,Credit Cards: Yes (incl. American Express & MasterCard),46851252000.0,scandicsverige,,,"Kungsgatan 70 (Vasagatan), 111 20 Stockholm, Sverige",Hotel,139.0
33,33,33,591ee6a6eacf45633e4ed3fd,Downtown Camper by Scandic,59.3311590662759,18.0653729519085,Brunkebergstorg 9,4307,111 51,SE,Stockholm,Storstockholm,Sverige,Hotel,12.0,19.0,7.6,,,46851726300.0,scandicsverige,,,"Brunkebergstorg 9 (Vattugatan), 111 51 Stockholm, Sverige","Hotel, Café",154.0
34,34,34,4b6ed379f964a5203bcc2ce3,Stallmästaregården,59.35191115358916,18.043306113679137,Norrtull,6882,113 47,SE,Stockholm,Storstockholm,Sverige,Hotel,27.0,74.0,8.1,,Credit Cards: Yes,4686101300.0,,,,"Norrtull, 113 47 Stockholm, Sverige","Hotel, Scandinavian Restaurant",134.0
35,35,35,4c377b9818e72d7fb79f16f5,Central Hotel,59.3331603870585,18.057976203768625,Vasagatan 38,4638,111 20,SE,Stockholm,Storstockholm,Sverige,Hotel,9.0,38.0,7.6,,Credit Cards: Yes,46856620800.0,,,,"Vasagatan 38 (Gamla Brogatan), 111 20 Stockholm, Sverige","Hotel, Restaurant, Bar",95.0
36,36,36,552d1b6f498e9a41a890520e,Browallshof hotell & matsal,59.346505750061766,18.06122238406589,Surbrunnsgatan 20,6025,113 48,SE,Stockholm,Storstockholm,Sverige,Hotel,2.0,10.0,7.8,,,,,,,"Surbrunnsgatan 20, 113 48 Stockholm, Sverige",Hotel,117.0
37,37,37,4adcdae9f964a520565921e3,Columbus Hotell,59.315733298958854,18.07857808367027,Tjärhovsgatan 11,2480,116 21,SE,Stockholm,Storstockholm,Sverige,Hotel,4.0,6.0,7.1,,Credit Cards: Yes,46850311200.0,,,,"Tjärhovsgatan 11, 116 21 Stockholm, Sverige","Hotel, Hotel Bar",127.0
38,38,38,4c6e989906ed6dcbe914a722,Clarion Collection Hotel Wellington,59.335331931001605,18.082518528924926,Storgatan 6,4645,114 51,SE,Stockholm,Storstockholm,Sverige,Hotel,4.0,12.0,7.4,,Credit Cards: Yes,4686670910.0,nordic_choice,,,"Storgatan 6, 114 51 Stockholm, Sverige",Hotel,131.0
39,39,39,55b0aa8a498eb1284429d589,Pop House Hotel,59.324885,18.096571,Djurgårdsvägen 68,3559,115 21,SE,Stockholm,Storstockholm,Sverige,Hotel,6.0,19.0,7.2,,,46850254140.0,bestwestern,,,"Djurgårdsvägen 68, 115 21 Stockholm, Sverige","Hotel, Café",115.0
40,40,40,4b4c8c01f964a520c7b526e3,Best Western Plus Time Hotel,59.34760147610611,18.049056529998783,Vanadisvägen 12,6323,113 46,SE,Stockholm,Storstockholm,Sverige,Hotel,18.0,46.0,7.7,,Credit Cards: Yes,46854547300.0,bestwesternse,,,"Vanadisvägen 12, 113 46 Stockholm, Sverige",Hotel,102.0
41,41,41,4e5aaa7f18a8c204751c6503,Hotel Hornsgatan,59.318572,18.0591215,Hornsgatan 66B,3108,118 21,SE,Stockholm,Storstockholm,Sverige,Hotel,5.0,9.0,7.1,,Credit Cards: Yes (incl. MasterCard),4686582901.0,,244148538939212.0,,"Hornsgatan 66B, 118 21 Stockholm, Sverige",Hotel,105.0
42,42,42,4ba3902cf964a520b94738e3,Scandic Talk,59.27700404884225,18.015601476815785,Mässvägen 2,4284,125 80,SE,Stockholm,Storstockholm,Sverige,Hotel,8.0,30.0,7.3,,Credit Cards: Yes (incl. American Express & MasterCard),46851726800.0,ricahotelsswe,,,"Mässvägen 2 (Stockholmsmässan), 125 80 Älvsjö, Sverige",Hotel,127.0
43,43,43,4adcdae9f964a520795921e3,Hotel Birger Jarl,59.34232859999999,18.06239779999998,Tulegatan 8,5556,113 53,SE,Stockholm,Storstockholm,Sverige,Hotel,41.0,119.0,7.4,,Credit Cards: Yes,4686741800.0,,116064745121350.0,,"Tulegatan 8, 113 53 Stockholm, Sverige","Hotel, Hotel Bar",83.0
44,44,44,4adcdae9f964a520775921e3,Scandic Gamla Stan,59.323062,18.069921,Lilla Nygatan 25,3370,111 28,SE,Stockholm,Storstockholm,Sverige,Hotel,6.0,16.0,7.1,,Credit Cards: Yes (incl. American Express & MasterCard),46851738300.0,scandicsverige,174729845891592.0,,"Lilla Nygatan 25, 111 28 Stockholm, Sverige",Hotel,140.0
45,45,45,510a8736e4b04b9dad72e870,Quality Hotel Friends,59.37210859969157,18.0029533803463,Råsta Strandväg 1,9866,169 56,SE,Solna,Storstockholm,Sverige,Hotel,11.0,71.0,8.5,,Credit Cards: Yes,4687057000.0,nordic_choice,,,"Råsta Strandväg 1, 169 56 Solna, Sverige","Hotel, Restaurant, Bar",81.0
46,46,46,4b82e908f964a52095ec30e3,Clarion Collection Hotel Tapto,59.343534842295426,18.086578991736054,Jungfrugatan 57,5561,115 31,SE,Stockholm,Storstockholm,Sverige,Hotel,11.0,14.0,7.4,,Credit Cards: Yes,4686645000.0,nordic_choice,,,"Jungfrugatan 57, 115 31 Stockholm, Sverige",Hotel,126.0
47,47,47,4d77c2937484b60cb37c41d9,Rex Petit,59.341301478110964,18.059428939404203,Luntmakargatan 73,5484,113 51,SE,Stockholm,Storstockholm,Sverige,Hotel,3.0,8.0,7.3,,Credit Cards: Yes,468236699.0,,,,"Luntmakargatan 73, 113 51 Stockholm, Sverige",Hotel,69.0
48,48,48,4adcdae9f964a520755921e3,Quality Hotel Globe,59.29257646098571,18.08396182372235,Arenaslingan 7,115,121 77,SE,Johanneshov,Storstockholm,Sverige,Hotel,12.0,72.0,6.7,,Credit Cards: Yes (incl. American Express),4686866300.0,globehotel,,,"Arenaslingan 7, 121 77 Johanneshov, Sverige","Hotel, Event Space",68.0
49,49,49,4adcdaeaf964a5209a5921e3,Rex Hotel,59.34130704530734,18.05938801667935,Luntmakargatan 73,5485,113 51,SE,Stockholm,Storstockholm,Sverige,Hotel,12.0,37.0,7.2,,Credit Cards: Yes,468160040.0,,,,"Luntmakargatan 73, 113 51 Stockholm, Sverige",Hotel,95.0
50,50,50,4bd8642a2ecdce72c1c7d0f2,Scandic Alvik,59.331658940044,17.982437419758,Gustavslundsvägen 153,7140,167 51,SE,Stockholm,Storstockholm,Sverige,Hotel,19.0,48.0,7.4,,Credit Cards: Yes (incl. American Express & MasterCard),46851766100.0,scandicsverige,184446151573513.0,,"Gustavslundsvägen 153, 167 51 Bromma, Sverige",Hotel,106.0
51,51,51,4adcdae9f964a5207c5921e3,Mornington Hotel Stockholm City,59.33783769999999,18.079393900000014,Nybrogatan 53,4930,102 44,SE,Stockholm,Storstockholm,Sverige,Hotel,36.0,63.0,7.1,,Credit Cards: Yes (incl. American Express),46850733000.0,,,,"Nybrogatan 53 (btw Kommendörs- och Linnégatan), 102 44 Stockholm, Sverige","Hotel, Hotel Bar",98.0
52,52,52,4adcdaeaf964a520955921e3,Hotel C Stockholm,59.332328940187494,18.05675467797605,Vasaplan 4,4573,111 20,SE,Stockholm,Storstockholm,Sverige,Hotel,41.0,85.0,7.0,,Credit Cards: Yes (incl. American Express),46850563100.0,hotelcstockholm,163003513725478.0,,"Vasaplan 4, 111 20 Stockholm, Sverige",Hotel,117.0
53,53,53,4adcdaeaf964a520945921e3,Nordic Light Hotel,59.33255352274117,18.05724370156947,Vasaplan 7,4587,111 20,SE,Stockholm,Storstockholm,Sverige,Hotel,30.0,90.0,7.0,,Credit Cards: Yes (incl. American Express),46850563000.0,nordic_light,,,"Vasaplan 7, 111 20 Stockholm, Sverige","Hotel, Hotel Bar, Hotel Pool",151.0
54,54,54,56ea66ce498ea46dace058c2,Hotel Drottning Kristina Stureplan,59.336839317815674,18.071347459629735,Birger Jarlsgatan 24,4863,114 34,SE,Stockholm,Storstockholm,Sverige,Hotel,2.0,15.0,7.0,,,46812217300.0,,338716373000141.0,,"Birger Jarlsgatan 24, 114 34 Stockholm, Sverige",Hotel,133.0
55,55,55,4adcdae8f964a520475921e3,Radisson Blu Royal Park Hotel,59.36919983926516,18.031054297462106,Frösundaviks allé 15,8928,169 03,SE,Solna,Storstockholm,Sverige,Hotel,11.0,33.0,7.6,,Credit Cards: Yes,4686245500.0,radissonblu,280205885730953.0,,"Frösundaviks allé 15 (Haga Royal Park), 169 03 Solna, Sverige","Hotel, Convention Center, Event Space",93.0
56,56,56,4b9144aff964a52098ae33e3,Courtyard Stockholm Kungsholmen,59.331490313037634,18.02166622453683,Rålambshovsleden 50,5492,112 19,SE,Stockholm,Storstockholm,Sverige,Hotel,34.0,119.0,7.1,,Credit Cards: Yes (incl. American Express & MasterCard),4684413100.0,,119720451429961.0,,"Rålambshovsleden 50, 112 19 Stockholm, Sverige",Hotel,89.0
57,57,57,4adcdae8f964a5203f5921e3,Freys Hotel,59.33286848928052,18.05829287207973,Bryggargatan 12,4601,111 21,SE,Stockholm,Storstockholm,Sverige,Hotel,20.0,30.0,6.9,,Credit Cards: Yes (incl. American Express),46850621300.0,,,,"Bryggargatan 12, 111 21 Stockholm, Sverige",Hotel,74.0
58,58,58,56a4eae2498e6ee2fa67e14a,Best Western and hotel,59.33635213666889,18.063970664443328,Apelbergsgatan 40,4888,111 37,SE,Stockholm,Storstockholm,Sverige,Hotel,10.0,34.0,6.9,,Credit Cards: Yes,46855001600.0,bestwestern,929622750421777.0,,"Apelbergsgatan 40, 111 37 Stockholm, Sverige",Hotel,76.0
59,59,59,4adcdae9f964a5207b5921e3,Hotel Esplanade,59.33205775884758,18.080158136536788,Strandvägen 7A,4285,114 55,SE,Stockholm,Storstockholm,Sverige,Hotel,5.0,10.0,6.8,,Credit Cards: Yes,4686630740.0,,1381876675375586.0,,"Strandvägen 7A, 114 55 Stockholm, Sverige",Hotel,101.0
60,60,60,4b83d7faf964a5202c1331e3,Elite Palace Hotel,59.34674203565803,18.03936001792054,S:t Eriksgatan 115,6427,100 31,SE,Stockholm,Storstockholm,Sverige,Hotel,17.0,69.0,7.0,,Credit Cards: Yes,46856621700.0,elitehotels,,,"S:t Eriksgatan 115, 100 31 Stockholm, Sverige","Hotel, Spa",98.0
61,61,61,4bb1b2bbf964a520619f3ce3,Hellsten Hotel,59.341473244410494,18.0597549305997,Luntmakargatan 68,5498,113 51,SE,Stockholm,Storstockholm,Sverige,Hotel,26.0,58.0,6.8,,Credit Cards: Yes,4686618600.0,,,,"Luntmakargatan 68 (btw Kungstensgatan och Rådmansgatan), 113 51 Stockholm, Sverige",Hotel,102.0
62,62,62,4adcdae9f964a5205c5921e3,Elite Hotel Arcadia,59.34836108684691,18.06439269328037,Körsbärsvägen 1,6192,114 23,SE,Stockholm,Storstockholm,Sverige,Hotel,10.0,23.0,6.8,,Credit Cards: Yes,46856621500.0,elitehotels,,,"Körsbärsvägen 1, 114 23 Stockholm, Sverige",Hotel,99.0
63,63,63,4adcdae9f964a5205a5921e3,Comfort Hotel,59.333074980748826,18.05450152955018,Kungsbron 1,4694,111 22,SE,Stockholm,Storstockholm,Sverige,Hotel,29.0,57.0,6.7,,Credit Cards: Yes (incl. American Express & MasterCard),46856622200.0,comfortsthlm,,,"Kungsbron 1 (World Trade Center), 111 22 Stockholm, Sverige",Hotel,57.0
64,64,64,4bcd5e91fb84c9b627f7213e,Ulvsunda Slott,59.3408588991005,17.964221472926106,Margretelundsvägen 25,8582,167 36,SE,Stockholm,Storstockholm,Sverige,Hotel,4.0,9.0,7.3,,Credit Cards: Yes,4687044940.0,,,,"Margretelundsvägen 25, 167 36 Bromma, Sverige","Castle, Hotel, Restaurant",85.0
65,65,65,4adcdae9f964a520745921e3,First Hotel Reisen,59.32545386621453,18.07514059139937,Skeppsbron 12,3578,111 30,SE,Stockholm,Storstockholm,Sverige,Hotel,17.0,42.0,6.5,,Credit Cards: Yes,468223260.0,,,,"Skeppsbron 12, 111 30 Stockholm, Sverige","Hotel, Hotel Bar, Restaurant",141.0
66,66,66,556db913498e2ea1c9a1a71b,Hotel Point,59.31075125656211,18.078452322593233,Östgötagatan 65,1931,116 64,SE,Stockholm,Storstockholm,Sverige,Hotel,0.0,5.0,6.4,,Credit Cards: Yes,4686400065.0,,1102663513099551.0,,"Östgötagatan 65, 116 64 Stockholm, Sverige",Hotel,72.0
67,67,67,4adcdae8f964a5204d5921e3,Långholmen Hotell & Vandrarhem / Hotel & Hostel,59.32119422867626,18.025416333965968,Långholmsmuren 20,4512,102 72,SE,Stockholm,Storstockholm,Sverige,Hotel,20.0,30.0,6.6,,Credit Cards: Yes,,,,,"Långholmsmuren 20, 102 72 Stockholm, Sverige","Hotel, Hostel",53.0
68,68,68,518668fa498e42f659501727,ApartDirect,59.301526842935715,18.106720702971405,Hammarby Fabriksväg 93,1582,120 33,SE,Stockholm,Storstockholm,Sverige,Hotel,12.0,13.0,6.3,,Credit Cards: Yes (incl. Visa & American Express),46858886340.0,apartdirect1,,,"Hammarby Fabriksväg 93, 120 33 Stockholm, Sverige","Hotel, Boarding House",72.0
69,69,69,4bcdb045fb84c9b65a5c223e,First Hotel Fridhemsplan,59.331391683354006,18.030844873435985,S:t Eriksgatan 20,5165,112 39,SE,Stockholm,Storstockholm,Sverige,Hotel,25.0,35.0,6.6,,Credit Cards: Yes (incl. American Express),4686538800.0,,,,"S:t Eriksgatan 20, 112 39 Stockholm, Sverige",Hotel,86.0
70,70,70,4b673d68f964a52042432be3,Radisson Blu Royal Viking Hotel,59.3315127,18.0581268,Vasagatan 1,4461,111 20,SE,Stockholm,Storstockholm,Sverige,Hotel,80.0,165.0,6.5,,Credit Cards: Yes (incl. American Express & MasterCard),46850654000.0,radissonblu,102571396462413.0,,"Vasagatan 1 (Central Station), 111 20 Stockholm, Sverige",Hotel,115.0
71,71,71,4adcdae8f964a520545921e3,Scandic Sjöfartshotellet,59.318867,18.07567,Katarinavägen 26,2848,104 65,SE,Stockholm,Storstockholm,Sverige,Hotel,21.0,57.0,6.3,,Credit Cards: Yes (incl. American Express & MasterCard),46851734900.0,scandicsverige,,,"Katarinavägen 26, 104 65 Stockholm, Sverige",Hotel,118.0
72,72,72,4adcdaeaf964a520995921e3,Best Western Capital Hotel,59.29565687463096,18.03322613239288,Marknadsvägen 6,2872,120 44,SE,Stockholm,Storstockholm,Sverige,Hotel,4.0,12.0,6.2,,Credit Cards: Yes,46855670780.0,bestwestern,,,"Marknadsvägen 6, 120 44 Årsta, Sverige",Hotel,65.0
73,73,73,4bd5b82e9649ce72ab91511d,Ulvsunda Slott Hotel Stockholm,59.34083743061957,17.963993718635898,Margretelundsvägen 125,8591,167 32,SE,Stockholm,Storstockholm,Sverige,Hotel,2.0,12.0,6.7,,,,,,,"Margretelundsvägen 125, 167 32 Bromma, Sverige",Hotel,85.0
74,74,74,4adcdae9f964a520635921e3,Hotel Lilla Rådmannen,59.339216756553675,18.054514982759766,Rådmansgatan 67,5340,113 60,SE,Stockholm,Storstockholm,Sverige,Hotel,14.0,20.0,6.3,,Credit Cards: Yes,46850621500.0,,,,"Rådmansgatan 67 (Teknologgatan), 113 60 Stockholm, Sverige","Hotel, Hotel Bar",55.0
75,75,75,4adcdae8f964a5203d5921e3,Elite Hotel Adlon,59.33340575072578,18.056849039328068,Vasagatan 42,4684,111 20,SE,Stockholm,Storstockholm,Sverige,Hotel,11.0,20.0,6.2,,Credit Cards: Yes (incl. American Express & MasterCard),4684026500.0,elitehotels,,,"Vasagatan 42, 111 20 Stockholm, Sverige","Hotel, Restaurant, Bar",134.0
76,76,76,5077494be4b0347051bc9c79,Ibis Styles Stockholm Odenplan,59.34237083148924,18.046766872189774,Vastmannagatan 61,5818,113 25,SE,Stockholm,Storstockholm,Sverige,Hotel,6.0,27.0,6.3,,Credit Cards: Yes (incl. American Express & MasterCard),46812090300.0,,,,"Vastmannagatan 61, 113 25 Stockholm, Sverige",Hotel,58.0
77,77,77,4adcdae9f964a520615921e3,Park Inn By Radisson Solna,59.35967579999999,18.000129,"Hotellgatan 11,",8750,171 25,SE,Solna,Storstockholm,Sverige,Hotel,14.0,30.0,6.5,,Credit Cards: Yes (incl. American Express),4684709100.0,,174618955924384.0,,"Hotellgatan 11, (Solna Centrum), 171 25 Solna, Sverige","Hotel, Event Space",70.0
78,78,78,4adcdae9f964a5206d5921e3,Lady Hamilton Hotel,59.3257162,18.0692671,Storkyrkobrinken 5,3666,111 28,SE,Stockholm,Storstockholm,Sverige,Hotel,6.0,7.0,6.0,,Credit Cards: Yes,46850640100.0,,1499952213653398.0,,"Storkyrkobrinken 5, 111 28 Stockholm, Sverige",Hotel,147.0
79,79,79,4bfafea6f214a593769eae0e,Best Western Kom Hotel,59.3395124,18.0626343,Döbelnsgatan 17,5247,111 40,SE,Stockholm,Storstockholm,Sverige,Hotel,26.0,50.0,6.2,,Credit Cards: Yes,4684122300.0,bestwesternse,221947871219561.0,,"Döbelnsgatan 17, 111 40 Stockholm, Sverige",Hotel,99.0
80,80,80,4b8f8cd7f964a520c95733e3,Mornington Hotel,59.346836954015636,17.96553678080024,Norrbyvägen 30,8949,168 69,SE,Stockholm,Storstockholm,Sverige,Hotel,14.0,28.0,6.5,,Credit Cards: Yes (incl. American Express),,,,,"Norrbyvägen 30, 168 69 Bromma, Sverige",Hotel,62.0
81,81,81,4c2e1978987f20a192854aaa,Hotell Bema,59.33769742483283,18.053734525379685,Upplandsgatan 13,5193,111 23,SE,Stockholm,Storstockholm,Sverige,Hotel,5.0,5.0,6.1,,Credit Cards: Yes,468232675.0,,,,"Upplandsgatan 13, 111 23 Stockholm, Sverige",Hotel,91.0
82,83,83,4adcdae9f964a5206c5921e3,Lord Nelson Hotel,59.32531700000001,18.0689923,22 Västerlånggatan,3626,111 29,SE,Stockholm,Storstockholm,Sverige,Hotel,9.0,11.0,5.9,,Credit Cards: Yes,46850640120.0,,177049455651057.0,,"22 Västerlånggatan, 111 29 Stockholm, Sverige","Hotel, Housing Development",147.0
83,84,84,4bff8f97ca1920a10ff2ec81,First Kungsbron Hotel,59.33207505236285,18.0534160601036,Västra Järnvägsgatan 17,4613,111 64,SE,Stockholm,Storstockholm,Sverige,Hotel,17.0,20.0,5.9,,Credit Cards: Yes,,,,,"Västra Järnvägsgatan 17, 111 64 Stockholm, Sverige",Hotel,70.0
84,85,85,55d64a34498e93d58ec017d3,Bo Hotel,59.2914205,18.083163600000034,Arenavägen 69,243,121 77,SE,Johanneshov,Storstockholm,Sverige,Hotel,1.0,2.0,7.8,,Credit Cards: Yes,46812135730.0,,,,"Arenavägen 69, 121 77 Johanneshov, Sverige",Hotel,56.0
85,86,86,4f565110e4b0ffe19722fe2f,Scandic Foresta,59.360123,18.120420000000006,Herserudsvägen 22,7694,181 50,SE,Lidingö,Storstockholm,Sverige,Hotel,3.0,16.0,6.2,,Credit Cards: Yes,46851732400.0,scandicsverige,,,"Herserudsvägen 22, 181 50 Lidingö, Sverige",Hotel,127.0
86,87,87,4adcdae8f964a5203e5921e3,Hotel Kung Carl,59.33633888672399,18.071594796295127,Birger Jarlsgatan 21,4806,111 45,SE,Stockholm,Storstockholm,Sverige,Hotel,29.0,35.0,5.9,,Credit Cards: Yes (incl. American Express),4684635000.0,thebestwestern,192907946758.0,,"Birger Jarlsgatan 21, 111 45 Stockholm, Sverige",Hotel,109.0
87,88,88,4d1c90a909546dcb2233d338,Reimersholmen Hotel,59.318314381478146,18.025112586308282,Reimersholmsgatan 5,4314,117 40,SE,Stockholm,Storstockholm,Sverige,Hotel,8.0,10.0,5.8,,Credit Cards: Yes,,,,,"Reimersholmsgatan 5, 117 40 Stockholm, Sverige",Hotel,57.0
88,89,89,4adcdaeaf964a520855921e3,City Backpackers Hostel,59.33583786162907,18.055214881896973,Upplandsgatan 2,4970,111 23,SE,Stockholm,Storstockholm,Sverige,Hostel,60.0,107.0,8.7,,Credit Cards: Yes (incl. American Express & MasterCard),468206920.0,citybackpackers,282539361877304.0,,"Upplandsgatan 2, 111 23 Stockholm, Sverige",Hostel,51.0
89,90,90,4adcdae9f964a5205b5921e3,Clarion Hotel Amaranten,59.3313502,18.045171799999935,Kungsholmsgatan 31,4735,112 27,SE,Stockholm,Storstockholm,Sverige,Hotel,51.0,101.0,5.9,,Credit Cards: Yes (incl. American Express),4686925200.0,nordic_choice,221608514665269.0,,"Kungsholmsgatan 31, 112 27 Stockholm, Sverige","Hotel, Bar, Café",81.0
90,91,91,4adcdaeaf964a520835921e3,af Chapman Hostel,59.325248832721435,18.080727938930035,Flaggmansvägen 8,3526,111 49,SE,Stockholm,Storstockholm,Sverige,Hostel,14.0,43.0,8.1,,Credit Cards: Yes,4684632266.0,,103537809715171.0,,"Flaggmansvägen 8, 111 49 Stockholm, Sverige","Hostel, Boat or Ferry",53.0
91,92,92,4adcdae9f964a5207e5921e3,Wasa Park Hotell,59.3390093,18.0388467,Sankt eriksplan 1,5658,113 20,SE,Stockholm,Storstockholm,Sverige,Hotel,3.0,3.0,5.9,,,46854545300.0,,,,"Sankt eriksplan 1, 113 20 Stockholm, Sverige",Hotel,53.0
92,94,94,53c6b1a2498e684dd009901a,Scandic Klara,59.33385479356277,18.06252854037904,Slöjdgatan 7,4638,111 57,SE,Stockholm,Storstockholm,Sverige,Hotel,10.0,40.0,5.8,,Credit Cards: Yes (incl. American Express & MasterCard),46851726600.0,scandicsverige,237593416292870.0,,"Slöjdgatan 7 (Hötorget), 111 57 Stockholm, Sverige",Hotel,143.0
93,95,95,4c16048da1010f4716cc4e18,Ersta konferens & hotell,59.316727309538784,18.090425266650392,Erstagatan 1 K,2603,116 91,SE,Stockholm,Storstockholm,Sverige,Hotel,2.0,5.0,5.5,,,4687146341.0,,,,"Erstagatan 1 K (Ersta diakoni), 116 91 Stockholm, Sverige",Hotel,76.0
94,96,96,4e4b09ddae600cc1e312a55d,Hotel Söder,59.31525106784729,18.077361947189146,Tjärhovsgatan 20,2436,,SE,Stockholm,Storstockholm,Sverige,Hotel,0.0,0.0,7.0,,Credit Cards: Yes,,,,,"Tjärhovsgatan 20, Stockholm, Sverige","Hotel, Bed & Breakfast",136.0
95,97,97,4c70447cdf6b8cfa5ccdb74d,2kronor,59.34499497621653,18.05568998237318,Surbrunnsgatan 46,5936,113 48,SE,Stockholm,Storstockholm,Sverige,Hotel,7.0,6.0,5.9,,Credit Cards: Yes,,,,,"Surbrunnsgatan 46, 113 48 Stockholm, Sverige","Hostel, Hotel",46.0
96,98,98,57743a9f498e8fee01a58ec7,Generator Stockholm,59.33587315606469,18.050674008834946,Torsgatan 10,5063,111 23,SE,Stockholm,Storstockholm,Sverige,Hostel,25.0,149.0,8.0,,Credit Cards: Yes (incl. Visa & MasterCard),46850532370.0,askgenerator,76979800511.0,,"Torsgatan 10, 111 23 Stockholm, Sverige",Hostel,39.0
97,99,99,4e0d8b2aa8099e1525ffcade,Best Western Hotel Bentleys,59.3375888807032,18.05738612248205,Drottninggatan 77,5118,111 60,SE,Stockholm,Storstockholm,Sverige,Hotel,16.0,36.0,5.7,,Credit Cards: Yes,468141395.0,bestwesternse,,,"Drottninggatan 77, 111 60 Stockholm, Sverige",Hotel,120.0
98,100,100,4adcdae9f964a5206c5921e3,Lord Nelson Hotel,59.32531700000001,18.0689923,22 Västerlånggatan,3626,111 29,SE,Stockholm,Storstockholm,Sverige,Hotel,9.0,11.0,5.9,,Credit Cards: Yes,46850640120.0,,177049455651057.0,,"22 Västerlånggatan, 111 29 Stockholm, Sverige","Hotel, Housing Development",204.0
99,102,102,55d64a34498e93d58ec017d3,Bo Hotel,59.2914205,18.083163600000034,Arenavägen 69,243,121 77,SE,Johanneshov,Storstockholm,Sverige,Hotel,1.0,2.0,7.8,,Credit Cards: Yes,46812135730.0,,,,"Arenavägen 69, 121 77 Johanneshov, Sverige",Hotel,56.0
100,103,103,4b068a3bf964a520dfec22e3,Berns,59.33242168680171,18.074046352822844,Berzelii Park,4355,111 47,SE,Stockholm,Storstockholm,Sverige,Nightclub,72.0,354.0,7.9,3.0,Credit Cards: Yes (incl. American Express),46856632200.0,,,,"Berzelii Park (Berns Spegelsalong), 111 47 Stockholm, Sverige","Nightclub, Event Space, Asian Restaurant",166.0
101,104,104,4f565110e4b0ffe19722fe2f,Scandic Foresta,59.360123,18.120420000000006,Herserudsvägen 22,7694,181 50,SE,Lidingö,Storstockholm,Sverige,Hotel,3.0,16.0,6.2,,Credit Cards: Yes,46851732400.0,scandicsverige,,,"Herserudsvägen 22, 181 50 Lidingö, Sverige",Hotel,122.0
102,105,105,4bf530b8e5eba593f26f2090,Hotel Riddargatan,59.33448201207308,18.07671055067568,Riddargatan 14,4567,114 35,SE,Stockholm,Storstockholm,Sverige,Hotel,19.0,18.0,5.5,,Credit Cards: Yes,,,,,"Riddargatan 14, 114 35 Stockholm, Sverige",Hotel,94.0
103,106,106,4adcdaeaf964a520855921e3,City Backpackers Hostel,59.33583786162907,18.055214881896973,Upplandsgatan 2,4970,111 23,SE,Stockholm,Storstockholm,Sverige,Hostel,60.0,107.0,8.7,,Credit Cards: Yes (incl. American Express & MasterCard),468206920.0,citybackpackers,282539361877304.0,,"Upplandsgatan 2, 111 23 Stockholm, Sverige",Hostel,51.0
104,107,107,4adcdaeaf964a520835921e3,af Chapman Hostel,59.325248832721435,18.080727938930035,Flaggmansvägen 8,3526,111 49,SE,Stockholm,Storstockholm,Sverige,Hostel,14.0,43.0,8.1,,Credit Cards: Yes,4684632266.0,,103537809715171.0,,"Flaggmansvägen 8, 111 49 Stockholm, Sverige","Hostel, Boat or Ferry",54.0
105,109,109,4adcdae9f964a5207e5921e3,Wasa Park Hotell,59.3390093,18.0388467,Sankt eriksplan 1,5658,113 20,SE,Stockholm,Storstockholm,Sverige,Hotel,3.0,3.0,5.9,,,46854545300.0,,,,"Sankt eriksplan 1, 113 20 Stockholm, Sverige",Hotel,64.0
106,111,111,4b543997f964a520f4b427e3,Scandic Norra Bantorget,59.33677457767844,18.056450437288735,Wallingatan 15,5047,107 24,SE,Stockholm,Storstockholm,Sverige,Hotel,18.0,25.0,5.7,,Credit Cards: Yes (incl. American Express & MasterCard),46851767000.0,scandicsverige,,,"Wallingatan 15, 107 24 Stockholm, Sverige",Hotel,127.0
107,112,112,4adcdae8f964a520425921e3,Elite Hotel Stockholm Plaza,59.33762404731129,18.06978855872913,Birger Jarlsgatan 29,4963,111 45,SE,Stockholm,Storstockholm,Sverige,Hotel,18.0,24.0,5.6,,Credit Cards: Yes (incl. American Express),,elitehotels,,,"Birger Jarlsgatan 29, 111 45 Stockholm, Sverige",Hotel,120.0
108,114,114,4c16048da1010f4716cc4e18,Ersta konferens & hotell,59.316727309538784,18.090425266650392,Erstagatan 1 K,2603,116 91,SE,Stockholm,Storstockholm,Sverige,Hotel,2.0,5.0,5.5,,,4687146341.0,,,,"Erstagatan 1 K (Ersta diakoni), 116 91 Stockholm, Sverige",Hotel,78.0
109,116,116,4e4b09ddae600cc1e312a55d,Hotel Söder,59.31525106784729,18.077361947189146,Tjärhovsgatan 20,2436,,SE,Stockholm,Storstockholm,Sverige,Hotel,0.0,0.0,7.0,,Credit Cards: Yes,,,,,"Tjärhovsgatan 20, Stockholm, Sverige","Hotel, Bed & Breakfast",136.0
110,117,117,4c70447cdf6b8cfa5ccdb74d,2kronor,59.34499497621653,18.05568998237318,Surbrunnsgatan 46,5936,113 48,SE,Stockholm,Storstockholm,Sverige,Hotel,7.0,6.0,5.9,,Credit Cards: Yes,,,,,"Surbrunnsgatan 46, 113 48 Stockholm, Sverige","Hostel, Hotel",46.0
111,118,118,4af9ee97f964a5205d1522e3,Crystal Plaza Hotel,59.33841828060665,18.068755988788904,Birger Jarlsgatan 35,5059,114 34,SE,Stockholm,Storstockholm,Sverige,Hotel,12.0,22.0,5.5,,Credit Cards: Yes,4684068800.0,,,,"Birger Jarlsgatan 35, 114 34 Stockholm, Sverige","Hotel, Hotel Bar",92.0
112,119,119,4c92410dae45224bcc9aee97,Guldgränd Hotel-Apartments,59.32036615536389,18.06951548825368,Guldgränd 8,3085,118 20,SE,Stockholm,Storstockholm,Sverige,Hotel,1.0,5.0,,,Credit Cards: No,4686414064.0,,,,"Guldgränd 8 (Slussen), 118 20 Stockholm, Sverige",Hotel,
113,120,120,55c35530498e17078b3a592a,Birka Hostel,59.33705057451517,18.063603864009377,Luntmakargatan 14,4968,111 37,SE,Stockholm,Storstockholm,Sverige,Hotel,4.0,15.0,5.7,,,468218418.0,,1571207886484124.0,,"Luntmakargatan 14, 111 37 Stockholm, Sverige",Hotel,25.0
114,121,121,5940eb040ff4f92a642df7fd,Scandic No 53,59.334171607710715,18.05924162995229,Kungsgatan 53,4723,111 22,SE,Stockholm,Storstockholm,Sverige,Hotel,39.0,19.0,5.2,,,46851736500.0,scandicsverige,,,"Kungsgatan 53, 111 22 Stockholm, Sverige",Hotel,138.0
115,122,122,4c011c249a950f47908908c6,Skanstulls Vandrarhem,59.30835671684754,18.08007438663183,Ringvägen 135,1654,116 61,SE,Stockholm,Storstockholm,Sverige,Hostel,14.0,40.0,7.2,,Credit Cards: Yes,4686430204.0,,,,"Ringvägen 135 (Ostgötagatan), 116 61 Stockholm, Sverige",Hostel,66.0
116,123,123,5a11831afd16bb7fd7f2563d,Stockholm Classic Hotel,59.318497,18.048197,Lundagatan 31,3424,117 27,SE,Stockholm,Storstockholm,Sverige,Hotel,1.0,2.0,,,,,,,,"Lundagatan 31, 117 27 Stockholm, Sverige",Hotel,
117,124,124,51b07d59498e63aff401ae81,Residence Perseus,59.324378063936535,18.07345390319824,Baggensgatan 17,3474,111 31,SE,Stockholm,Storstockholm,Sverige,Hotel,1.0,4.0,9.2,,Credit Cards: Yes,46709397217.0,resperseus,,,"Baggensgatan 17, 111 31 Stockholm, Sverige",Hotel,102.0
118,125,125,5c9f533c04d1ae0039e61200,Hotel Gamla Stan,59.3246626,18.0754384,Skeppsbron 22,3488,111 30,SE,Stockholm,Storstockholm,Sverige,Hotel,0.0,1.0,7.2,,Credit Cards: Yes,4684119545.0,,1698195060241351.0,,"Skeppsbron 22, 111 30 Stockholm, Sverige","Hotel, Spa",129.0
119,126,126,562bab66498e153d3a061756,Castle House Inn,59.3250647418916,18.07445100454783,Skeppsbron 22,3540,,SE,Stockholm,Storstockholm,Sverige,Hostel,2.0,41.0,7.5,,,,,,,"Stockholm, Sverige",Hostel,46.0
120,128,128,50aa9784e4b0785851740a22,Liljeholmens Stadshotell,59.308962354261034,18.01615611895857,Nybohovsbacken 50,4197,117 64,SE,Stockholm,Storstockholm,Sverige,Hotel,1.0,1.0,6.2,,Credit Cards: Yes,46851801850.0,,,,"Nybohovsbacken 50, 117 64 Stockholm, Sverige",Hotel,85.0
121,129,129,4cb7100c55af224ba9549e7e,Pärlan Hotell,59.334512374842646,18.083287499612496,Skeppargatan 27,4554,,SE,Stockholm,Storstockholm,Sverige,Hotel,0.0,0.0,,,Credit Cards: Yes,,,,,"Skeppargatan 27, Stockholm, Sverige",Hotel,
122,130,130,50bafa20e4b0040a8578fd98,Hotell Älvsjö,59.27888454672722,18.00852884573759,Johan Skyttes väg,4571,125 34,SE,Stockholm,Storstockholm,Sverige,Hotel,2.0,1.0,6.6,,Credit Cards: Yes,4687275300.0,,,,"Johan Skyttes väg, 125 34 Älvsjö, Sverige","Hotel, Restaurant, Bar",58.0
123,131,131,51499ae47ab4c9f328716fef,Hostel Dalagatan,59.3399984511884,18.04740168472225,Dalagatan 30,5559,113 24,SE,Stockholm,Storstockholm,Sverige,Hostel,11.0,15.0,7.7,,Credit Cards: Yes (incl. American Express & MasterCard),468222290.0,hosteldalagatan,181098278672675.0,,"Dalagatan 30 (T-Odenplan), 113 24 Stockholm, Sverige",Hostel,51.0
124,132,132,59251df1c0cacb2b511bebc9,Hotel Hötorget,59.336685,18.061283,Dalagatan 30,4960,111 36,SE,Stockholm,Storstockholm,Sverige,Hotel,1.0,3.0,7.2,,,,,,,"111 36 Stockholm, Sverige",Hotel,85.0
125,133,133,5875c59118fd2b2aa0968ef9,Unique Hotel,59.33714000000001,18.05458,Kammakargatan 62,5119,111 24,SE,Stockholm,Storstockholm,Sverige,Hotel,0.0,2.0,7.2,,,,,,,"Kammakargatan 62, 111 24 Stockholm, Sverige",Hotel,57.0
126,134,134,4e095b64b0fbba5eee281216,Drottning Victorias Örlogshem,59.33047570709444,18.077507686161166,Teatergatan 3,4119,111 48,SE,Stockholm,Storstockholm,Sverige,Hotel,0.0,2.0,,,Credit Cards: Yes,4686110113.0,,,,"Teatergatan 3, 111 48 Stockholm, Sverige","Hostel, Hotel",
127,135,135,4adcdae9f964a520665921e3,Hotell Aldoria,59.33393672588935,18.03284595408586,Sankt Eriksgatan 38,5336,112 34,SE,Stockholm,Storstockholm,Sverige,Hotel,9.0,2.0,6.2,,Credit Cards: Yes,4686936300.0,,,,"Sankt Eriksgatan 38, 112 34 Stockholm, Sverige",Hotel,63.0
128,136,136,4c8e918f58668cfa8417d3ec,Connect Hotel City,59.33626491050085,18.028009491103045,Alströmetgatan 41,5703,112 47,SE,Stockholm,Storstockholm,Sverige,Hotel,21.0,25.0,5.5,,Credit Cards: Yes,,,,,"Alströmetgatan 41, 112 47 Stockholm, Sverige",Hotel,72.0
129,137,137,4afac87df964a520ac1822e3,Hotell Inedal,59.335398659628936,18.036186574903336,Inedalsgatan 15,5376,112 33,SE,Stockholm,Storstockholm,Sverige,Hotel,2.0,1.0,,,,4686545249.0,,158381604210387.0,,"Inedalsgatan 15, 112 33 Stockholm, Sverige",Hotel,
130,138,138,4adcdaeaf964a5208b5921e3,New World Hotel,59.29087838429214,18.024161903011137,Åbyvägen 20,3392,120 44,SE,Stockholm,Storstockholm,Sverige,Hotel,2.0,4.0,5.3,,,,,,,"Åbyvägen 20, 120 44 Årsta, Sverige",Hotel,
131,139,139,4f9c859ce4b0849ad08a7551,M/S Monika Hotel,59.33724509957374,18.03274792549148,Pier by Kungsholms Strand 133,5652,112 33,SE,Stockholm,Storstockholm,Sverige,Hotel,0.0,1.0,,,Credit Cards: Yes,46812092100.0,,,,"Pier by Kungsholms Strand 133, 112 33 Stockholm, Sverige","Hotel, Breakfast Spot",
132,140,140,4adcdae8f964a520415921e3,Scandic Ariadne,59.34876892494947,18.113380429465863,Södra kajen 37,6370,115 41,SE,Stockholm,Storstockholm,Sverige,Hotel,26.0,49.0,5.3,,Credit Cards: Yes (incl. American Express & MasterCard),46851738600.0,scandicsverige,180054402022221.0,,"Södra kajen 37, 115 41 Stockholm, Sverige",Hotel,120.0
133,141,141,4c17f1476a21c9b66a48c897,Gustav Vasa Hotel,59.34232573772582,18.046655588917442,Västmannagatan 61,5815,113 25,SE,Stockholm,Storstockholm,Sverige,Hotel,2.0,1.0,,,,46854544805.0,,,,"Västmannagatan 61, 113 25 Stockholm, Sverige",Hotel,
134,142,142,4e89c37bdab45be472174633,Pensionat Vasastan,59.34451007371436,18.05863047781006,Odengatan 38,5842,111 24,SE,Stockholm,Storstockholm,Sverige,Hotel,0.0,3.0,8.6,,Credit Cards: Yes,4686124301.0,,,,"Odengatan 38, 111 24 Stockholm, Sverige",Hotel,86.0
135,143,143,4c89c249770fb60ce1efccc3,Hotel Metro,59.29940617098878,18.017109048081785,Vretensborgsvägen 14,3834,126 30,SE,Stockholm,Storstockholm,Sverige,Hotel,9.0,0.0,5.1,,Credit Cards: Yes,468196100.0,,,,"Vretensborgsvägen 14, 126 30 Hägersten, Sverige","Hotel, Bed & Breakfast",53.0
136,144,144,4f689f5de4b0de0c91c0cd7e,2kronor City Hotel,59.33704657721732,18.05368442436396,Kammakargatan 62,5126,,SE,Stockholm,Storstockholm,Sverige,Bed & Breakfast,7.0,17.0,6.5,,,,,,,"Kammakargatan 62, Stockholm, Sverige",Bed & Breakfast,
137,145,145,4c0e8ed87189c92889b2d8b6,The Red Boat,59.32123105842721,18.061427694867643,Södermälarstrand Kajplats 10,3323,SE-118 20,SE,Stockholm,Storstockholm,Sverige,Hostel,8.0,28.0,7.1,,Credit Cards: Yes,4686444385.0,,,,"Södermälarstrand Kajplats 10, SE-118 20 Stockholm, Sverige",Hostel,55.0
138,146,146,5ca4c49dd03360002cff68ce,Blique By Nobis,59.34602523299746,18.036103878997785,Gävlegatan 18,6429,113 30,SE,Stockholm,Storstockholm,Sverige,Hotel,2.0,1.0,8.4,,Credit Cards: Yes,46855766600.0,,1924232217867349.0,,"Gävlegatan 18, 113 30 Stockholm, Sverige","Hotel, Hotel Bar",95.0
139,147,147,552dede7498ef4f6f7a8b38f,Nacka Stadshotell,59.311423425317685,18.201477985936002,Ektorpsvägen 6,6986,131 47,SE,Saltsjö-Boo,Storstockholm,Sverige,Hotel,0.0,0.0,7.0,,,4687161220.0,,,,"Ektorpsvägen 6, 131 47 Saltsjö-Boo, Sverige",Hotel,106.0
140,148,148,4c05645e517d0f47187af415,Gärdet STF,59.34138304831851,18.11174552803005,Ektorpsvägen 6,5554,,SE,Stockholm,Storstockholm,Sverige,Hostel,6.0,9.0,7.2,,Credit Cards: Yes,,,,,"Stockholm, Sverige",Hostel,
141,149,149,50363493e4b06fa331b27e70,Hotel Äppelviken,59.32877424352507,17.970394727982143,Västerled 14,7529,167 51,SE,Stockholm,Storstockholm,Sverige,Hotel,0.0,0.0,,,,,,,,"Västerled 14 (Gårdsbogatan), 167 51 Bromma, Sverige",Hotel,
142,150,150,57d2a0c4498e6c311aa7371e,Asplund Hotel Apartments,59.35331563674903,18.008667826652527,Gunnar Asplunds Allé 6,7893,171 63,SE,Solna,Storstockholm,Sverige,Hotel,0.0,2.0,8.2,,Credit Cards: Yes,4686414064.0,,128149717204647.0,,"Gunnar Asplunds Allé 6, 171 63 Solna, Sverige",Hotel,139.0
143,151,151,4be9a9cba9900f475c991540,Best Western Hotel Karlaplan,59.340411944957644,18.08836162090301,Skeppargatan 82,5218,114 59,SE,Stockholm,Storstockholm,Sverige,Hotel,12.0,17.0,5.2,,Credit Cards: Yes,468313220.0,bestwesternse,1397341730556952.0,,"Skeppargatan 82, 114 59 Stockholm, Sverige",Hotel,88.0
144,152,152,55d98394498eab573be2843e,First Hotel Solna,59.354021,17.998057,Bangatan 21,8297,171 63,SE,Solna,Storstockholm,Sverige,Hotel,1.0,1.0,7.0,,,46812140344.0,,,,"Bangatan 21, 171 63 Solna, Sverige",Hotel,81.0
145,153,153,58925db8326c5a6fe19ec69c,Biz Apartment,59.354147,17.99744,Bangatan 21,8329,,SE,Solna,Storstockholm,Sverige,Hotel,0.0,0.0,,,,,,,,Sverige,Hotel,82.0
146,154,154,552b5350498e08ccd6794eed,2Home Hotel Apartments,59.36344948529718,17.979000371908512,Bangatan 21,9784,,SE,Solna,Storstockholm,Sverige,Hotel,1.0,6.0,5.6,,,,,,,Sverige,Hotel,
147,155,155,4bbecea7006dc9b6acbdfb3f,Högberga Kursgård,59.339372283816395,18.20437191100537,Bangatan 21,8545,,SE,Solna,Storstockholm,Sverige,Hotel,2.0,3.0,,,Credit Cards: Yes,,,,,Sverige,Hotel,
148,156,156,50a0a928e4b0c4d83d45e8a1,Stockholm Inn,59.33553240380368,18.05978583408628,Drottninggatan 67,4859,111 36,SE,Stockholm,Storstockholm,Sverige,Hotel,5.0,2.0,5.1,,Credit Cards: Yes,4684110303.0,,,,"Drottninggatan 67, 111 36 Stockholm, Sverige",Hotel,63.0
149,157,157,4e52e408c65bea7986ccfa63,Hotel Ariston,59.367368564912006,18.150581599805054,Drottninggatan 67,9049,,SE,Lidingö,Storstockholm,Sverige,Hotel,0.0,0.0,,,Credit Cards: Yes,,,,,"Lidingö, Sverige",Hotel,
150,158,158,4bc1bbf22a89ef3b64a9f288,Archipelago Hostel Old Town Stockholm,59.323628204225386,18.070155707000986,Stora Nygatan 38,3428,111 27,SE,Stockholm,Storstockholm,Sverige,Hostel,6.0,14.0,6.7,,,468229940.0,,,,"Stora Nygatan 38, 111 27 Stockholm, Sverige",Hostel,36.0
151,159,159,5981decce4c459715590fedf,Best Western Plus Grow Hotel,59.358052,17.975501,Landsvägen 34,9442,171 54,SE,Solna,Storstockholm,Sverige,Hotel,0.0,2.0,8.4,,,,,,,"Landsvägen 34, 171 54 Solna, Sverige",Hotel,86.0
152,160,160,4ba7c80ef964a520d0b239e3,Maudes Hotell,59.35960532186242,17.97710315947749,Englundavägen 2,9516,171 41,SE,Solna,Storstockholm,Sverige,Hotel,1.0,2.0,8.2,,Credit Cards: Yes,46850556900.0,,,,"Englundavägen 2 (Solna Business Park), 171 41 Solna, Sverige",Hotel,96.0
153,161,161,4e9bc00e7ee539c857b14d2a,First Hotel Brommaplan,59.340164970120924,17.940804942663007,Kvarnbacksvägen 135,9626,168 74,SE,Bromma,Storstockholm,Sverige,Hotel,2.0,1.0,8.0,,,468262620.0,,,,"Kvarnbacksvägen 135, 168 74 Bromma, Sverige",Hotel,60.0
154,162,162,4eb8414c0aaf1abee07d4dae,Scandic Malmen,59.314549,18.073579,Götgatan 49-51,2400,102 66,SE,Stockholm,Storstockholm,Sverige,Hotel,29.0,22.0,4.6,,Credit Cards: Yes (incl. American Express & MasterCard),46851734700.0,scandicsverige,,,"Götgatan 49-51 (Medborgarplatsen), 102 66 Stockholm, Sverige","Hotel, Breakfast Spot",115.0
155,163,163,4adcdae8f964a5203c5921e3,Hotel Terminus,59.330620164453535,18.059359475584003,Vasagatan 20,4345,111 20,SE,Stockholm,Storstockholm,Sverige,Hotel,12.0,7.0,4.6,,Credit Cards: Yes,4684401670.0,,,,"Vasagatan 20, 111 20 Stockholm, Sverige","Hotel, Breakfast Spot",
156,164,164,5940e835a0215b4f10ab1bd0,Scandic Park,59.3407282033323,18.075570300596546,Karlavägen 43,5266,114 31,SE,Stockholm,Storstockholm,Sverige,Hotel,18.0,8.0,4.9,,Credit Cards: Yes (incl. American Express & MasterCard),46851734800.0,scandicsverige,,,"Karlavägen 43, 114 31 Stockholm, Sverige",Hotel,135.0
157,165,165,5940e8eae1f22843fc1b454a,Scandic Kungens Kurva,59.27259834789016,17.916977891299673,Ekgårdsvägen 2,9758,141 75,SE,Kungens Kurva,Storstockholm,Sverige,Hotel,6.0,5.0,5.4,,,46851734600.0,scandicsverige,,,"Ekgårdsvägen 2, 141 75 Kungens Kurva, Sverige","Hotel, Convention Center, Event Space",102.0
158,167,167,4bc8e40b762beee15ea73d38,Vanadis Hotell,59.34747907607301,18.052375038824085,Sveavägen 142,6254,113 46,SE,Stockholm,Storstockholm,Sverige,Hotel,2.0,3.0,4.7,,Credit Cards: Yes,468301211.0,,,,"Sveavägen 142, 113 46 Stockholm, Sverige","Hotel, Hostel",
159,168,168,4c9de9ae54c8a1cdbd10884b,Bredängs Camping,59.29609739752637,17.922580472937373,Stora Sällskapets Väg 60,9156,127 31,SE,Skärholmen,Storstockholm,Sverige,Campground,3.0,11.0,7.2,,,,,,,"Stora Sällskapets Väg 60 (at Ålgrytevägen), 127 31 Skärholmen, Sverige","Campground, Hostel",
160,169,169,4c81cc16e602b1f779cc967a,Villa Årsta,59.30010854990623,18.032221426925464,Svärdlångsvägen 44-46,3008,120 60,SE,Stockholm,Storstockholm,Sverige,Bed & Breakfast,1.0,1.0,7.0,,,4684474200.0,,,,"Svärdlångsvägen 44-46, 120 60 Årsta, Sverige",Bed & Breakfast,62.0
161,170,170,4f7af039e4b0b515864544a9,Zinkensdamm Hostel,59.3148476415149,18.0442330035108,Zinkens Väg 20,3255,117 41,SE,Stockholm,Storstockholm,Sverige,Hostel,6.0,8.0,6.1,,Credit Cards: Yes,4686168100.0,,,,"Zinkens Väg 20, 117 41 Stockholm, Sverige",Hostel,58.0
162,172,172,4e005ca762843b639cf813fc,Three Crown Bed & Breakfast,59.330932,18.048423,Kungsholmsgatan 13 A,4611,112 27,SE,Stockholm,Storstockholm,Sverige,Bed & Breakfast,1.0,4.0,6.8,,,468320840.0,,,,"Kungsholmsgatan 13 A, 112 27 Stockholm, Sverige",Bed & Breakfast,54.0
163,173,173,4cf18bdf1d18a143aa2a54ec,Stockholm Hostel,59.3352704850521,18.03101814858779,Alströmergatan 15,5517,112 47,SE,Stockholm,Storstockholm,Sverige,Hostel,22.0,29.0,6.2,,Credit Cards: Yes (incl. American Express),,,,,"Alströmergatan 15 (Fridhemsgatan), 112 47 Stockholm, Sverige",Hostel,45.0
164,174,174,4e4a1d21a80997a2dbee4b59,Hostel Bed And Breakfast,59.3422398,18.057848100000005,Rehnsgatan 21,5608,113 57,SE,Stockholm,Storstockholm,Sverige,Hostel,1.0,0.0,5.8,,Credit Cards: Yes (incl. Visa & MasterCard),468152838.0,,193535117870786.0,,"Rehnsgatan 21, 113 57 Stockholm, Sverige","Hostel, Bed & Breakfast",60.0
165,175,175,4c2d070a11cb9c746ab772b3,Lunda pensionat,59.31847310000001,18.047946,Lundagatan 31,3430,117 27,SE,Stockholm,Storstockholm,Sverige,Hostel,1.0,5.0,,,Credit Cards: Yes,46730861224.0,,172114639493984.0,,"Lundagatan 31, 117 27 Stockholm, Sverige",Hostel,
166,176,176,4f3faf0ee4b0d1e98eb0ed00,STF Vandrarhem,59.325178405242795,18.08109650971611,Flaggmansvägen 8,3518,,SE,Stockholm,Storstockholm,Sverige,Hostel,1.0,4.0,8.6,,Credit Cards: Yes,,,,,"Flaggmansvägen 8, Stockholm, Sverige",Hostel,47.0
167,177,177,4ba57e2af964a520780c39e3,Best Hostel Old Town,59.32513456414334,18.070326386797984,Trångsund 12,3590,111 29,SE,Stockholm,Storstockholm,Sverige,Hostel,2.0,2.0,,,Credit Cards: Yes,,,,,"Trångsund 12, 111 29 Stockholm, Sverige",Hostel,
168,178,178,51399405e4b004aa4dbc952c,Stocholm Inn Hotell,59.33548974902004,18.06006627063572,Trångsund 12,4850,,SE,Stockholm,Storstockholm,Sverige,Hostel,0.0,2.0,,,,,,,,"Stockholm, Sverige",Hostel,
169,179,179,4b62d66ef964a520ca542ae3,KFUK-KFUM Central,59.339574,18.062033,Rosengatan 1,5262,111 40,SE,Stockholm,Storstockholm,Sverige,Hostel,1.0,1.0,,,Credit Cards: Yes,46812011400.0,,149368933089.0,,"Rosengatan 1, 111 40 Stockholm, Sverige",Hostel,
170,180,180,4bdf35007ea362b5bd6643c4,Acco Hostel Stockholm,59.31676879189087,18.046022416299135,Ansgariegatan 10,3348,117 28,SE,Stockholm,Storstockholm,Sverige,Hostel,14.0,13.0,5.2,,,46760625700.0,accohostel,,,"Ansgariegatan 10, 117 28 Stockholm, Sverige",Hostel,29.0
171,181,181,4c9d3f817c096dcb5967c9d1,Belman Hostel,59.337528026250325,18.015431711281,Ansgariegatan 10,6237,,SE,Stockholm,Storstockholm,Sverige,Hostel,5.0,6.0,5.5,,Credit Cards: Yes,,,,,"Stockholm, Sverige",Hostel,
172,182,182,4c388015dfb0e21e319faea8,Gustaf Af Klint,59.31970954758251,18.076737476345013,Stadsgårdens Kajplatser 153,2932,116 45,SE,Stockholm,Storstockholm,Sverige,Hostel,5.0,0.0,4.9,,Credit Cards: Yes,4686404077.0,,,,"Stadsgårdens Kajplatser 153, 116 45 Stockholm, Sverige","Hostel, Boat or Ferry",69.0
173,183,183,4ce4eee7637c6ea8d90a5b42,City Lodge,59.3332529,18.0589277,Klara norra kyrkogata 15,4631,111 22,SE,Stockholm,Storstockholm,Sverige,Hostel,5.0,4.0,5.1,,Credit Cards: Yes,468226661.0,,576845885675985.0,,"Klara norra kyrkogata 15, 111 22 Stockholm, Sverige",Hostel,47.0
174,185,185,4c64ecaae0c4be9affef8658,Lodge 32,59.32928047643078,18.041723538507387,Hantverkargatan 32,4629,,SE,Stockholm,Storstockholm,Sverige,Hostel,13.0,8.0,4.7,,Credit Cards: Yes,4686500032.0,,,,"Hantverkargatan 32 (Södra Agnegatan), Stockholm, Sverige",Hostel,29.0
