,Unnamed: 0,venue_id,name,lat,lng,address,distance,postalCode,cc,city,state,country,category,tipCount,likes,rating,price_tier,payments,phone,twitter,facebook,menu,formattedAddress,category_name
0,0,4c49b0669f2ad13ae72ba353,Oliver Twist,59.31828200379404,18.07000227098256,Repslagargatan 6,2854,118 46,SE,Stockholm,Storstockholm,Sverige,Pub,92.0,267.0,8.5,1.0,Credit Cards: Yes,+4686400566,,174726815878842,http://olivertwist.se/wp-content/uploads/2017/10/Meny.pdf,"Repslagargatan 6 (Sankt Paulsgatan), 118 46 Stockholm, Sverige","Pub, Beer Garden, Gastropub"
1,1,4adcdaebf964a520ae5921e3,Wirströms Pub,59.32489717032803,18.06819160116579,Stora Nygatan 13,3592,111 27,SE,Stockholm,Storstockholm,Sverige,Pub,59.0,194.0,8.5,2.0,Credit Cards: Yes,+468212874,,319734301386954,,"Stora Nygatan 13 (Gåsgränd), 111 27 Stockholm, Sverige","Pub, Bar, Restaurant"
2,2,4adcdaebf964a520cf5921e3,Akkurat,59.319809,18.06883,Hornsgatan 18,3035,118 20,SE,Stockholm,Storstockholm,Sverige,Pub,185.0,580.0,9.0,2.0,Credit Cards: Yes (incl. American Express),+4686440015,akkuratsweden,172456172798939,,"Hornsgatan 18, 118 20 Stockholm, Sverige","Pub, Gastropub"
3,3,4adcdaecf964a520175a21e3,Soldaten Švejk,59.31441959002985,18.07637695608228,Östgötagatan 35,2353,116 25,SE,Stockholm,Storstockholm,Sverige,Pub,53.0,186.0,9.0,,Credit Cards: Yes (incl. American Express),+4686413366,,,,"Östgötagatan 35 (Folkungagatan), 116 25 Stockholm, Sverige","Czech Restaurant, Pub"
4,4,4b194789f964a52064da23e3,The Bishops Arms,59.32012573799353,18.064732354176076,Bellmansgatan 12,3141,116 25,SE,Stockholm,Storstockholm,Sverige,Pub,34.0,92.0,8.1,1.0,Credit Cards: Yes (incl. Visa & MasterCard),+46855692118,,,,"Bellmansgatan 12 (Brännkyrkagatan), Stockholm, Sverige",Pub
5,5,4bbf3550ba9776b0c6b2fec8,Loch Ness,59.31696081632216,18.06394874507399,Wollmar Yxkullsgatan 5B,2830,118 50,SE,Stockholm,Storstockholm,Sverige,Pub,7.0,30.0,8.4,1.0,Credit Cards: Yes,+4686445118,,,,"Wollmar Yxkullsgatan 5B (Swedenborgsgatan), 118 50 Stockholm, Sverige","Dive Bar, Pub"
6,6,53bee552498e37b651b34f3e,Pipes Pub & Restaurant,59.30281672605432,18.088233139176776,Hammarby Allé 43,1059,120 30,SE,Stockholm,Storstockholm,Sverige,Pub,2.0,12.0,7.8,1.0,Credit Cards: Yes,+46840913000,,701396193231580,http://www.pipesofscotland.se/pub-hammarby-sjostad/meny/,"Hammarby Allé 43, 120 30 Stockholm, Sverige","Pub, Steakhouse, English Restaurant"
7,7,4bcc3b89fb84c9b67dfd1f3e,Harvest Home,59.31353887498578,18.083872720927666,Bondegatan 50,2219,116 33,SE,Stockholm,Storstockholm,Sverige,Pub,13.0,52.0,8.1,1.0,Credit Cards: Yes,+4686431616,,139068879483764,http://harvesthome.se/meny.html,"Bondegatan 50 (Renstiernas gata), 116 33 Stockholm, Sverige",Pub
8,8,4b5492b2f964a520a6c027e3,The Liffey,59.32357637781194,18.070231305468127,Stora Nygatan 42,3422,111 27,SE,Stockholm,Storstockholm,Sverige,Pub,36.0,96.0,7.6,1.0,Credit Cards: Yes (incl. American Express),+468218025,,,,"Stora Nygatan 42, 111 27 Stockholm, Sverige","Pub, Rock Club"
9,9,4c32ee463ffc9521ec7190f5,The Queen's Head,59.33878611805042,18.056702134142387,Drottninggatan 108,5257,113 60,SE,Stockholm,Storstockholm,Sverige,Pub,42.0,146.0,8.0,1.0,Credit Cards: Yes,+468328600,,,,"Drottninggatan 108 (Tegnérgatan), 113 60 Stockholm, Sverige","Pub, Gastropub"
10,10,4ae06a4af964a5201f7f21e3,Tudor Arms,59.334839431483424,18.085573116728447,Grevgatan 31,4592,114 53,SE,Stockholm,Storstockholm,Sverige,Pub,25.0,72.0,7.4,1.0,Credit Cards: Yes,+4686602712,,,,"Grevgatan 31 (Storgatan), 114 53 Stockholm, Sverige","Pub, Bar, Sports Bar"
11,11,4b292103f964a520539924e3,O'Connells,59.32442369352597,18.069038295541674,Stora Nygatan 21,3529,111 27,SE,Stockholm,Storstockholm,Sverige,Pub,28.0,97.0,7.5,,Credit Cards: Yes,+468223070,,,,"Stora Nygatan 21, 111 27 Stockholm, Sverige","Irish Pub, Pub"
12,12,4f440a91e4b0cd1a00016844,Oxsvansen,59.334675470052325,18.066026691564673,Malmskillnadsgatan 46,4680,111 27,SE,Stockholm,Storstockholm,Sverige,Pub,4.0,11.0,8.1,1.0,Credit Cards: Yes,,,,,"Malmskillnadsgatan 46 (Jakobsbergsgatan), Stockholm, Sverige",Pub
13,13,4adcdaedf964a5207c5a21e3,Stampen,59.32529800015715,18.06755518718384,Stora Nygatan 5,3644,111 27,SE,Stockholm,Storstockholm,Sverige,Jazz Club,50.0,136.0,8.3,,Credit Cards: Yes,,,,,"Stora Nygatan 5, 111 27 Stockholm, Sverige","Jazz Club, Pub"
14,14,4adcdaedf964a520655a21e3,Half Way Inn,59.316742000000005,18.063347,Swedenborgsgatan 6,2821,118 48,SE,Stockholm,Storstockholm,Sverige,Pub,5.0,37.0,7.4,1.0,Credit Cards: Yes,+4686419443,,,,"Swedenborgsgatan 6, 118 48 Stockholm, Sverige","Pub, Restaurant"
15,15,520fc34511d2e68fb213776a,The Bishops Arms,59.32300562727265,18.068661860292988,Tyska Brinken 36,3381,111 27,SE,Stockholm,Storstockholm,Sverige,Pub,17.0,52.0,7.8,1.0,Credit Cards: Yes (incl. Visa),+46812134720,,,,"Tyska Brinken 36, 111 27 Stockholm, Sverige",Pub
16,16,54f04f99498e311c661d5966,Bar Central,59.339199745602954,18.068003354732173,Birger Jarlsgatan 41,5152,111 45,SE,Stockholm,Storstockholm,Sverige,Pub,17.0,70.0,8.4,2.0,Credit Cards: Yes,+468201008,,,http://barcentral.se/birger-jarlsgatan-41/meny,"Birger Jarlsgatan 41, 111 45 Stockholm, Sverige","Eastern European Restaurant, Pub"
17,17,56292aa0498e8ce4441919ab,Old George Inn,59.330267982076556,18.04376676285057,Scheelegatan 12,4667,111 45,SE,Stockholm,Storstockholm,Sverige,Pub,0.0,14.0,7.8,1.0,,,,,,"Scheelegatan 12, Stockholm, Sverige",Pub
18,18,4adcdaebf964a520c35921e3,The Bishops Arms,59.33221505078743,18.05771153530568,Vasagatan 7,4543,112 39,SE,Stockholm,Storstockholm,Sverige,Pub,53.0,173.0,7.4,1.0,Credit Cards: Yes (incl. American Express),+468202325,,185790811438511,,"Vasagatan 7 (Vasagatan), 112 39 Stockholm, Sverige","Pub, Bar"
19,19,4ae06a7af964a520207f21e3,Bull and Bear Inn,59.335180528774224,18.073490157978014,Birger Jarlsgatan 16,4664,114 34,SE,Stockholm,Storstockholm,Sverige,Pub,31.0,70.0,7.4,3.0,Credit Cards: Yes (incl. American Express),+4686111000,bullbearsthlm,177745885622154,http://www.bullandbear.se/mat/,"Birger Jarlsgatan 16, 114 34 Stockholm, Sverige","Gastropub, Pub, Beer Garden"
20,20,4c2b6bf38abca593601e0020,Pickwick's,59.329230700000004,18.0661576,Drottninggatan 6,4088,111 51,SE,Stockholm,Storstockholm,Sverige,Pub,40.0,100.0,7.5,,Credit Cards: Yes,+4684111016,,182617088479441,,"Drottninggatan 6 (Fredsgatan), 111 51 Stockholm, Sverige","Irish Pub, Pub, Restaurant"
21,21,4b8ebc24f964a520e13333e3,Bistro Humlehof,59.31565520201415,18.087325769370008,Folkungagatan 128,2464,116 30,SE,Stockholm,Storstockholm,Sverige,Pub,9.0,11.0,7.5,2.0,Credit Cards: Yes,+4686410302,,,,"Folkungagatan 128, 116 30 Stockholm, Sverige","German Restaurant, Eastern European Restaurant, Pub"
22,22,4afb316ef964a520f31b22e3,Flying Scotsmann Inn,59.333885855939606,18.037269827136125,Fleminggatan 28,5199,112 32,SE,Stockholm,Storstockholm,Sverige,Pub,11.0,40.0,7.4,1.0,Credit Cards: Yes,+4686512200,,,,"Fleminggatan 28, 112 32 Stockholm, Sverige",Pub
23,23,51a12a8b498eeb0fb7ba2a13,Viking Bar,59.31875930229021,18.06130593533832,Hornsgatan 37,3073,112 32,SE,Stockholm,Storstockholm,Sverige,Pub,3.0,29.0,7.5,1.0,Credit Cards: Yes,+4686442300,,172607846112593,,"Hornsgatan 37, Stockholm, Sverige","Dive Bar, Pub, Bar"
24,24,523c6a02498eaf5c53b4c5e9,The Bishops Arms,59.31577792351218,18.037588013179892,Hornsgatan 154,3596,117 28,SE,Stockholm,Storstockholm,Sverige,Pub,8.0,34.0,7.3,1.0,Credit Cards: Yes,+46812134969,,,,"Hornsgatan 154 (Lignagatan), 117 28 Stockholm, Sverige","Pub, Whisky Bar"
25,25,4c9cb5199975a143948034cf,S:ta Clara Bierhaus,59.32357930291243,18.06900562662878,Lilla Nygatan 17,3438,117 28,SE,Stockholm,Storstockholm,Sverige,Pub,13.0,35.0,7.2,2.0,Credit Cards: Yes,+4684113032,,,,"Lilla Nygatan 17, Stockholm, Sverige","German Restaurant, Pub"
26,26,4c0a5cc0a1b32d7f6d2199f0,Black & Brown Inn,59.318978094839906,18.063120382121856,Hornsgatan 50B,3055,118 21,SE,Stockholm,Storstockholm,Sverige,Pub,13.0,55.0,7.2,1.0,Credit Cards: Yes,+4686448280,,,,"Hornsgatan 50B (Mariatorget), 118 21 Stockholm, Sverige","Pub, Beer Garden, Restaurant"
27,27,4b3f9827f964a520e5a925e3,MacKinlay's Inn,59.33442338224057,18.031949400901798,Fleminggatan 85,5409,112 45,SE,Stockholm,Storstockholm,Sverige,Pub,10.0,34.0,7.3,1.0,Credit Cards: Yes,+46865083520,,,,"Fleminggatan 85 (St Eriksgatan), 112 45 Stockholm, Sverige","Pub, Beer Garden"
28,28,4b42f629f964a5204cdb25e3,Restaurang il Coure,59.29002312746057,18.091705568304288,Fyrvaktarkroken 16,608,121 32,SE,Stockholm,Storstockholm,Sverige,Pub,5.0,6.0,7.0,1.0,Credit Cards: Yes,+46850096099,,,,"Fyrvaktarkroken 16, 121 32 Stockholm, Sverige","Pizza Place, Italian Restaurant, Pub"
29,29,4b8ec920f964a520073733e3,Rosa Drömmar,59.325361092302984,18.008209241333173,Essinge Brogata 5,5554,112 61,SE,Stockholm,Storstockholm,Sverige,Pub,6.0,8.0,7.7,2.0,Credit Cards: Yes,+4686563894,,415004125226407,http://www.restaurangrosadrommar.se/lunch/,"Essinge Brogata 5, 112 61 Stockholm, Sverige","Restaurant, Pub"
30,30,50c0cbb9e4b01109e244886c,The Flying Elk,59.323085,18.068832999999998,Mälartorget 15,3387,111 27,SE,Stockholm,Storstockholm,Sverige,Gastropub,73.0,240.0,8.5,3.0,Credit Cards: Yes (incl. Visa),+468208583,theflyingelk,,,"Mälartorget 15 (Tyska brinken), 111 27 Stockholm, Sverige",Gastropub
31,31,4adcdaf0f964a520645b21e3,Bagpiper's Inn,59.34049847823453,18.031258125787485,Rörstrandsgatan 21,6007,113 40,SE,Stockholm,Storstockholm,Sverige,Pub,26.0,72.0,7.4,1.0,Credit Cards: Yes,+468311855,bagpipersinn,,http://bagpipers.se/menu/mains/,"Rörstrandsgatan 21, 113 40 Stockholm, Sverige",Pub
32,32,4adcdaf1f964a520955b21e3,Birkastans Pizzeria,59.3408403363281,18.03281525154315,Vikingagatan 16,5998,113 42,SE,Stockholm,Storstockholm,Sverige,Pub,13.0,41.0,7.6,1.0,Credit Cards: Yes,+468321790,,,,"Vikingagatan 16, 113 42 Stockholm, Sverige","Pizza Place, Pub"
33,33,4adcdaecf964a520f25921e3,Kvarnen,59.31483299999999,18.074074,Tjärhovsgatan 4,2424,116 21,SE,Stockholm,Storstockholm,Sverige,Pub,63.0,178.0,7.0,2.0,Credit Cards: Yes,+4686430380,,132648990127823,,"Tjärhovsgatan 4 (Götgatan), 116 21 Stockholm, Sverige","Scandinavian Restaurant, Beer Garden, Pub"
34,34,4bff96edca1920a112f9ec81,Glada Stinsen,59.31288544662371,18.057582577672648,Rosenlundsgatan 23,2606,118 63,SE,Stockholm,Storstockholm,Sverige,Pub,6.0,10.0,6.9,2.0,Credit Cards: Yes,+4687202092,,,,"Rosenlundsgatan 23, 118 63 Stockholm, Sverige","Eastern European Restaurant, Pub"
35,35,4be47b57cf200f473806123c,Hjärtats Bar,59.318665,18.065365,Bellmansgatan 22b,2976,118 47,SE,Stockholm,Storstockholm,Sverige,Pub,4.0,8.0,6.8,1.0,,+4686401462,,,,"Bellmansgatan 22b, 118 47 Stockholm, Sverige",Pub
36,36,5b81a0c5419a9e002c0cc79e,Crazy Horse,59.316116,18.072163,Götgatan 44,2589,118 26,SE,Stockholm,Storstockholm,Sverige,Pub,2.0,9.0,6.7,1.0,,,,,,"Götgatan 44, 118 26 Stockholm, Sverige",Pub
37,37,4debc17ed4c00071b8450b62,Tyrols Bakficka och Biergarten,59.32401873362765,18.095694206717667,Lilla Allmänna Gränd 9,3455,115 21,SE,Stockholm,Storstockholm,Sverige,Pub,1.0,5.0,6.8,2.0,,+46101671454,,,,"Lilla Allmänna Gränd 9 (Gröna Lund), 115 21 Stockholm, Sverige","German Restaurant, Beer Garden, Pub"
38,38,51290081e4b016a0db9b0c7f,Parma Kök & Bar,59.285761,17.963335999999998,Fruängsgången 12,6892,129 52,SE,Stockholm,Storstockholm,Sverige,Pub,4.0,8.0,7.2,2.0,Credit Cards: Yes,+468887023,,,,"Fruängsgången 12, 129 52 Hägersten, Sverige","Italian Restaurant, Pub"
39,39,4c2775ba3703d13a0dfaa636,Restaurang Nygammalt,59.29981998303739,18.004420128270837,Midsommarvägen 80,4553,126 35,SE,Stockholm,Storstockholm,Sverige,Pub,8.0,12.0,6.9,2.0,Credit Cards: Yes (incl. American Express & MasterCard),+4686451540,,175104585846004,,"Midsommarvägen 80, 126 35 Hägersten, Sverige","Restaurant, Pub"
40,40,4bd1e8b2caff9521e49dd1f0,Tre Vänner,59.30147969911711,18.012362717913664,Midsommarparken 2,4142,126 34,SE,Stockholm,Storstockholm,Sverige,Pub,9.0,32.0,6.7,1.0,Credit Cards: Yes (incl. American Express & MasterCard),+468199030,,141413429246617,http://tre-vanner.se/matsedel/index.html,"Midsommarparken 2, 126 34 Hägersten, Sverige","Pub, Restaurant"
41,41,4af0c698f964a5201bdf21e3,Restaurang & Pub Anchor,59.34116817818224,18.058163373292924,Sveavägen 90,5488,113 59,SE,Stockholm,Storstockholm,Sverige,Pub,20.0,80.0,6.7,1.0,Credit Cards: Yes,+468152000,,,,"Sveavägen 90, 113 59 Stockholm, Sverige","Pub, Karaoke Bar, Bar"
42,42,4b450854f964a520d60126e3,Southside,59.31730282203315,18.05012305964141,Hornsgatan 104,3252,117 26,SE,Stockholm,Storstockholm,Sverige,Pub,14.0,63.0,6.4,1.0,Credit Cards: Yes,+4686695052,,,,"Hornsgatan 104 (at Ringvägen), 117 26 Stockholm, Sverige","Pub, Irish Pub"
43,43,4bddb8b0ffdec928cf24e6a1,Restaurang Sorbon,59.33999783089249,17.940352926561086,Kvarnbacksvägen 135,9637,168 74,SE,Bromma,Storstockholm,Sverige,Pub,13.0,22.0,7.0,1.0,Credit Cards: Yes,+468252340,,,,"Kvarnbacksvägen 135, 168 74 Bromma, Sverige",Pub
44,44,50f43c2ee4b03b5a7e05987b,The Churchill Arms,59.34320950865234,18.061144458571857,Tulegatan 21,5667,113 53,SE,Stockholm,Storstockholm,Sverige,Pub,14.0,69.0,6.6,1.0,Credit Cards: Yes,+468150061,,,,"Tulegatan 21, 113 53 Stockholm, Sverige","Pub, Gastropub"
45,45,4b4750bff964a520b72e26e3,Old Beefeater Inn,59.31852639366233,18.071110344035358,Götgatan 11,2864,116 46,SE,Stockholm,Storstockholm,Sverige,Pub,12.0,47.0,6.4,1.0,Credit Cards: Yes,+4686414272,,,,"Götgatan 11 (at Sankt Paulsgatan), 116 46 Stockholm, Sverige","Pub, Bar"
46,46,4adcdaedf964a520675a21e3,The Doors,59.34499812915266,18.059647333602204,Odengatan 35,5881,113 51,SE,Stockholm,Storstockholm,Sverige,Pub,9.0,30.0,6.5,1.0,Credit Cards: Yes,+4686129606,,,,"Odengatan 35 (Tulegatan), 113 51 Stockholm, Sverige",Pub
47,47,4b1aa95bf964a520b4ee23e3,Restaurang Hjälmaren,59.29673249942145,18.052112939196103,Hjälmarsvägen 43,1823,120 53,SE,Årsta,Uppsala län,Sverige,Pub,1.0,6.0,6.3,2.0,Credit Cards: Yes,+468910436,,,http://www.xn--restauranghjlmaren-wtb.se/?page=a-la-carte,"Hjälmarsvägen 43, 120 53 Årsta, Sverige","Restaurant, Pub"
48,48,520e490511d29c1a152041d9,Hospodské Dveře,59.314744080259885,18.074213850344005,Tjärhovsgatan 4,2413,116 21,SE,Stockholm,Storstockholm,Sverige,Pub,1.0,5.0,6.1,1.0,Credit Cards: Yes,+4686430380,,,,"Tjärhovsgatan 4 (Götagatan), 116 21 Stockholm, Sverige",Pub
49,49,4ba50681f964a5202ad238e3,Pub Diset,59.30553589251487,17.9887567384089,Örnsbergsvägen 2,5551,126 54,SE,Stockholm,Storstockholm,Sverige,Pub,5.0,7.0,6.5,1.0,Credit Cards: Yes,+468186201,,615476021834431,,"Örnsbergsvägen 2, 126 54 Hägersten, Sverige","Pub, Dive Bar"
50,50,4afda6e5f964a520832922e3,The Bishops Arms,59.36115083179009,17.96888923794375,Landsvägen 49,9948,172 63,SE,Sundbyberg,Storstockholm,Sverige,Pub,16.0,30.0,6.9,1.0,Credit Cards: Yes,+468255554,,,,"Landsvägen 49, 172 63 Sundbyberg, Sverige",Pub
51,51,4b2ccd38f964a52063c924e3,The Auld Dub,59.33532915270256,18.061665110101753,Holländargatan 1,4809,111 36,SE,Stockholm,Storstockholm,Sverige,Irish Pub,27.0,78.0,6.6,,Credit Cards: Yes (incl. Visa),+4686797707,,102628554372,http://www.dubliner.se/stockholm/group-menu/,"Holländargatan 1 (Hötorget), 111 36 Stockholm, Sverige",Irish Pub
52,52,4b5c4c72f964a5201e2a29e3,London Restaurang & Pub,59.3335021439044,18.061106065007202,Bryggargatan 2,4622,111 21,SE,Stockholm,Storstockholm,Sverige,Pub,14.0,25.0,6.3,1.0,Credit Cards: Yes,+468205620,,,,"Bryggargatan 2, 111 21 Stockholm, Sverige","Pub, Diner"
53,53,4b7be6f6f964a520e7722fe3,Tullen Kök & Bar,59.307312400761816,18.076863815666968,Götgatan 103,1573,116 62,SE,Stockholm,Storstockholm,Sverige,Pub,3.0,6.0,6.1,2.0,Credit Cards: Yes,+4686438038,,,,"Götgatan 103, 116 62 Stockholm, Sverige","Scandinavian Restaurant, Pub"
54,54,4adcdaedf964a5204c5a21e3,Söders hjärta,59.31880252232172,18.065703744311318,Bellmansgatan 22,2984,118 47,SE,Stockholm,Storstockholm,Sverige,Cocktail Bar,13.0,54.0,8.0,3.0,Credit Cards: Yes,+4686401462,,,,"Bellmansgatan 22, 118 47 Stockholm, Sverige",Cocktail Bar
55,55,51373e5329a6b31dcd9f71b0,BrewDog Kungsholmen,59.33637792642771,18.03403053561165,Sankt Eriksgatan 56,5532,112 34,SE,Stockholm,Storstockholm,Sverige,Beer Bar,54.0,312.0,8.8,,Credit Cards: Yes (incl. Visa & MasterCard),+4686502110,brewdogbarsthlm,429433243755743,,"Sankt Eriksgatan 56, 112 34 Stockholm, Sverige",Beer Bar
56,56,55b7ff6f498eefcfa90bfa67,BrewDog Södermalm,59.30906518438343,18.083137139375275,Ringvägen 149,1721,116 31,SE,Stockholm,Storstockholm,Sverige,Beer Bar,41.0,204.0,8.9,2.0,Credit Cards: Yes,+468307217,brewdogsoder,,,"Ringvägen 149, 116 31 Stockholm, Sverige",Beer Bar
57,57,4adcdaecf964a520f75921e3,Pelikan,59.31066171027103,18.07588407794953,Blekingegatan 40,1949,116 62,SE,Stockholm,Storstockholm,Sverige,Scandinavian Restaurant,167.0,400.0,8.0,3.0,Credit Cards: Yes (incl. American Express & MasterCard),+46855609090,,177307728954673,http://www.pelikan.se/en/menus.html,"Blekingegatan 40, 116 62 Stockholm, Sverige","Scandinavian Restaurant, Beer Garden, Bar"
58,58,4b63079df964a520945e2ae3,Ardbeg Embassy,59.32317024450011,18.07190377165705,Västerlånggatan 68,3358,111 29,SE,Stockholm,Storstockholm,Sverige,Scandinavian Restaurant,80.0,149.0,8.5,2.0,Credit Cards: Yes (incl. American Express),+4687919090,,,,"Västerlånggatan 68 (Torgdragargränd), 111 29 Stockholm, Sverige","Scandinavian Restaurant, Bar, Gastropub"
59,59,4adcdaebf964a520c05921e3,Mäster Anders,59.32887635449504,18.044710323952962,Pipersgatan 1,4505,112 24,SE,Stockholm,Storstockholm,Sverige,Scandinavian Restaurant,40.0,140.0,8.5,3.0,Credit Cards: Yes,+4686542001,,,,"Pipersgatan 1 (Hantverkargatan), 112 24 Stockholm, Sverige","Scandinavian Restaurant, Gastropub, French Restaurant"
60,60,590b8aa482a750569d987ec1,Dryck,59.31715,18.063477,Swedenborgsgatan 1,2860,118 48,SE,Stockholm,Storstockholm,Sverige,Wine Bar,1.0,11.0,7.4,2.0,Credit Cards: Yes,+46761289187,,,,"Swedenborgsgatan 1, 118 48 Stockholm, Sverige",Wine Bar
61,61,50c0cc79e4b0a80fdc3460df,Gaston - Wine Exploring,59.323206000000006,18.06864,Mälartorget 15,3403,111 28,SE,Stockholm,Storstockholm,Sverige,Wine Bar,16.0,71.0,9.0,2.0,Credit Cards: Yes (incl. American Express),+46840020604,,,,"Mälartorget 15, 111 28 Stockholm, Sverige","Wine Bar, Bar"
62,62,4bb60d1346d4a593649bc5c0,St Andrew's Inn,59.3388391521505,18.08057531627087,Nybrogatan 46,5038,114 34,SE,Stockholm,Storstockholm,Sverige,Pub,9.0,17.0,5.9,1.0,Credit Cards: Yes,+4686611202,,172868836083512,,"Nybrogatan 46, 114 34 Stockholm, Sverige",Pub
63,63,4bf42282354e9c7425b42602,Dick Turpin,59.36445222572678,17.994852073407547,SolnaVägen 55 A,9359,169 51,SE,Solna,Storstockholm,Sverige,Pub,5.0,19.0,6.5,1.0,Credit Cards: Yes,+4687302874,,,,"SolnaVägen 55 A, 169 51 Solna, Sverige","Pub, Beer Garden"
64,64,51ccb742498e64f625f8ce57,Pharmarium,59.324851,18.070891,Stortorget 7,3552,111 29,SE,Stockholm,Storstockholm,Sverige,Cocktail Bar,50.0,180.0,8.3,3.0,Credit Cards: Yes,+468200810,,,,"Stortorget 7, 111 29 Stockholm, Sverige","Cocktail Bar, Scandinavian Restaurant"
65,65,4b7038f5f964a520630c2de3,Belgobaren,59.332770999999994,18.058334,Bryggargatan 12,4590,111 21,SE,Stockholm,Storstockholm,Sverige,Gastropub,47.0,150.0,7.6,3.0,Credit Cards: Yes,+468246640,,803991916281250,,"Bryggargatan 12, 111 21 Stockholm, Sverige","Gastropub, Bar, Belgian Restaurant"
66,66,4adcdaedf964a520555a21e3,Kaffekoppen,59.325016053789845,18.070692897187275,Stortorget 20,3573,111 29,SE,Stockholm,Storstockholm,Sverige,Café,51.0,104.0,7.7,1.0,Credit Cards: Yes,+468203170,,,,"Stortorget 20, 111 29 Stockholm, Sverige",Café
67,67,557561e6498e2a6bb7550f1a,Krubb,59.333144457396486,18.043616101702682,Carl-Gustaf Lindstedts gata 2,4953,112 69,SE,Stockholm,Storstockholm,Sverige,Burger Joint,19.0,49.0,8.7,1.0,Credit Cards: Yes (incl. NFC Payments & MasterCard),+46709244734,,758245077625983,,"Carl-Gustaf Lindstedts gata 2, 112 69 Stockholm, Sverige",Burger Joint
68,68,4c092b37340720a134478493,Åsens Krog,59.29615150424962,17.98375424813327,Sedelvägen 11,5682,129 32,SE,Stockholm,Storstockholm,Sverige,Pub,4.0,6.0,6.1,1.0,Credit Cards: Yes,+468190270,,,,"Sedelvägen 11, 129 32 Hägersten, Sverige","Pizza Place, Pub"
69,69,4e60f43d7d8b854088fcc302,Pubben,59.29820949719142,18.0794836591007,Gullmarsplan 8,563,129 32,SE,Johanneshov,Storstockholm,Sverige,Pub,0.0,0.0,,1.0,Credit Cards: Yes,+4687228848,,,,"Gullmarsplan 8, Johanneshov, Sverige","Pub, Beer Bar"
70,70,4adcdaebf964a520cb5921e3,Man in the Moon,59.340652,18.063904,Tegnérgatan 2 C,5355,113 58,SE,Stockholm,Storstockholm,Sverige,Gastropub,43.0,166.0,7.5,2.0,Credit Cards: Yes,+4684589500,,188756241158255,http://maninthemoon.se/_pdf/kvallsmeny.pdf,"Tegnérgatan 2 C (at Tulegatan), 113 58 Stockholm, Sverige",Gastropub
71,71,55fb08c0498ef39c9781bf05,John Scott's Pub,59.335735522713136,18.064539305215412,Kungsgatan 37,4813,111 56,SE,Stockholm,Storstockholm,Sverige,Pub,11.0,31.0,5.8,1.0,,+46854611000,,876434269076277,,"Kungsgatan 37, 111 56 Stockholm, Sverige","Pub, Bowling Alley"
72,72,582b90407a83427a3412632a,Kloster,59.31795921770379,18.054509002078344,Hornsgatan 84,3175,118 21,SE,Stockholm,Storstockholm,Sverige,Pub,4.0,17.0,5.8,1.0,Credit Cards: Yes,,,,https://www.pubkloster.se/meny,"Hornsgatan 84, 118 21 Stockholm, Sverige","Dive Bar, Pub"
73,73,4b7ed996f964a520260430e3,Gullmarsson's Krog,59.29833917809486,18.07963568614712,Gullmarsplan 6,573,118 21,SE,Johanneshov,Storstockholm,Sverige,Pub,1.0,3.0,5.4,1.0,,,,794390483990033,,"Gullmarsplan 6, Johanneshov, Sverige",Pub
74,74,4d8b943ed85f3704f43e18dc,Backstreetpub,59.294728989713825,18.07430378938047,konstgjutarvägen 42,543,121 44,SE,Johanneshov,Storstockholm,Sverige,Pub,0.0,2.0,,1.0,,,,,,"konstgjutarvägen 42, 121 44 Johanneshov, Sverige","Pizza Place, Pub"
75,75,527e8ce7498eaf4169897a8f,Pitcher's Pub,59.318744068779814,18.063374327500593,Hornsgatan 31,3025,121 44,SE,Stockholm,Storstockholm,Sverige,Pub,14.0,33.0,5.6,1.0,Credit Cards: Yes,,,,,"Hornsgatan 31, Stockholm, Sverige","Sports Bar, Pub"
76,76,4bae5c27f964a520aba73be3,Restaurang Wollmar,59.316788723535325,18.062565804173538,Wollmar Yxkullsgatan 12,2844,118 50,SE,Stockholm,Storstockholm,Sverige,Pub,5.0,6.0,5.6,1.0,,+4686426670,,,,"Wollmar Yxkullsgatan 12, 118 50 Stockholm, Sverige","Pub, Restaurant, Dive Bar"
77,77,55b40d93498e0d645ddb0524,Crazy Horse,59.33860007302732,18.060636179358326,Sveavägen 60,5176,111 34,SE,Stockholm,Storstockholm,Sverige,Pub,4.0,20.0,5.8,1.0,Credit Cards: Yes,+4686442560,,,http://crazyhorse.se/meny/,"Sveavägen 60, 111 34 Stockholm, Sverige","Pub, Dive Bar"
78,78,4fb10feee4b0dfd9ca7bba4c,Espresso House,59.33527751893716,18.07343052198025,Birger Jarlsgatan 18,4675,114 34,SE,Stockholm,Storstockholm,Sverige,Café,60.0,285.0,7.5,1.0,Credit Cards: Yes (incl. American Express),+46105101256,espresso_house,,,"Birger Jarlsgatan 18 (Grev Turegatan), 114 34 Stockholm, Sverige","Café, Coffee Shop"
79,79,4baf3310f964a5209af03be3,The Bishops Arms,59.346635295735645,18.040020738956088,Sankt Eriksgatan 115,6401,113 43,SE,Stockholm,Storstockholm,Sverige,Pub,16.0,37.0,5.8,1.0,Credit Cards: Yes,+46856621788,,,,"Sankt Eriksgatan 115, 113 43 Stockholm, Sverige","Pub, Bar"
80,80,4b6fbe34f964a52060fb2ce3,Lilla Wien,59.31409355858432,18.064317099954017,Swedenborgsgatan 20,2530,106 64,SE,Stockholm,Storstockholm,Sverige,Pub,2.0,0.0,,1.0,Credit Cards: Yes,,,,,"Swedenborgsgatan 20, 106 64 Stockholm, Sverige","Pub, Coffee Shop, Café"
81,81,5acbbc10acb00b4cc9ab2491,Beerpot,59.315585,18.071604,6 Noe Arksgränden,2540,118 26,SE,Stockholm,Storstockholm,Sverige,Pub,0.0,1.0,,1.0,,,,,,"6 Noe Arksgränden, 118 26 Stockholm, Sverige",Pub
82,82,4b7af92df964a5206c492fe3,Balthazar,59.31661902376346,18.07258308031672,Högbergsgatan 33,2637,116 20,SE,Stockholm,Storstockholm,Sverige,Pub,6.0,12.0,5.6,2.0,,+4686435950,,160171087371120,,"Högbergsgatan 33, 116 20 Stockholm, Sverige","Bar, Pub"
83,83,4bc74eae8b7c9c74f72f36cf,Brother Tuck,59.30979465976625,18.07566125977618,Götgatan 85,1858,116 62,SE,Stockholm,Storstockholm,Sverige,Pub,10.0,21.0,5.3,1.0,Credit Cards: No,+4686438898,,260055334048096,,"Götgatan 85, 116 62 Stockholm, Sverige","Pub, Restaurant"
84,84,510170afe4b00d6c3ffa08a9,Sjöpiren,59.30902805990876,18.103129356492047,Jan Inghes Torg 22,2044,120 71,SE,Stockholm,Storstockholm,Sverige,Pub,2.0,1.0,,2.0,Credit Cards: Yes,+4686400888,,,http://www.sjopiren.se/meny,"Jan Inghes Torg 22, 120 71 Stockholm, Sverige","Restaurant, Pub"
85,85,4cc069ccb6c4224bdbeef894,Sherlock Holmes Inn Pub,59.2769065833529,18.131285861454014,Rusthållarvägen 61,3287,128 43,SE,Bagarmossen,Storstockholm,Sverige,Pub,1.0,4.0,,1.0,,,,124738687594298,,"Rusthållarvägen 61, 128 43 Bagarmossen, Sverige",Pub
86,86,4b196a58f964a520efdc23e3,The Shakespeare Inn,59.342597640045064,18.058578424111182,Rehnsgatan 22,5636,128 43,SE,Stockholm,Storstockholm,Sverige,Pub,3.0,5.0,5.7,1.0,Credit Cards: Yes,+4686129010,,,,"Rehnsgatan 22, Stockholm, Sverige","Pub, Bar"
87,87,538a2027498eff328345cdfd,The Kingstone Arms,59.33995126853175,18.051736623778208,Kungstensgatan 55,5468,113 59,SE,Stockholm,Storstockholm,Sverige,Pub,4.0,8.0,5.7,1.0,Credit Cards: Yes (incl. MasterCard & American Express),+46841044676,,703919719698795,,"Kungstensgatan 55, 113 59 Stockholm, Sverige",Pub
88,88,4adcdaebf964a520bc5921e3,Zum Franziskaner,59.322390688855755,18.074312289722304,Skeppsbron 44,3248,111 30,SE,Stockholm,Storstockholm,Sverige,Scandinavian Restaurant,13.0,33.0,6.4,2.0,Credit Cards: Yes,+4684118330,,243752779453854,http://zumen.se/menu.html,"Skeppsbron 44, 111 30 Stockholm, Sverige","Scandinavian Restaurant, Bar, German Restaurant"
89,89,4bdf0d8affdec928e691eaa1,Hank's Heaven,59.26320954528193,18.04280455752321,Högdalsgången 5,4102,124 55,SE,Bandhagen,Storstockholm,Sverige,Pub,2.0,2.0,,1.0,,+468867540,,,,"Högdalsgången 5, 124 55 Bandhagen, Sverige","Pub, Restaurant"
90,90,4adcdaf0f964a520535b21e3,Vassa Eggen Steakhouse,59.337573266281225,18.06954761013504,Birger Jarlsgatan 29,4959,103 95,SE,Stockholm,Storstockholm,Sverige,Steakhouse,36.0,127.0,7.5,4.0,Credit Cards: Yes,+468216169,,,,"Birger Jarlsgatan 29, 103 95 Stockholm, Sverige","Steakhouse, Cocktail Bar"
91,91,4d3c53706e0aa1cda3f1e12c,Skvallerhörnan,59.344535,18.046564,Upplandsgatan 64,6047,113 28,SE,Stockholm,Storstockholm,Sverige,Pub,3.0,3.0,5.7,1.0,Credit Cards: Yes,+468344240,,,,"Upplandsgatan 64, 113 28 Stockholm, Sverige",Pub
92,92,4b870da3f964a520cead31e3,City Krogen,59.33394295563755,18.0562401463521,Vasagatan 46,4752,113 28,SE,Stockholm,Storstockholm,Sverige,Pub,1.0,2.0,,1.0,,,,,,"Vasagatan 46, Stockholm, Sverige","Pub, Dive Bar"
93,93,4b6d774bf964a5204f762ce3,Tiffanys,59.317186057071495,18.071891833006926,Götgatan 27,2708,116 21,SE,Stockholm,Storstockholm,Sverige,Bar,7.0,22.0,5.6,2.0,Credit Cards: Yes,+4686421949,,151089898274282,,"Götgatan 27, 116 21 Stockholm, Sverige","Bar, Restaurant"
94,94,4af5eea8f964a520fcfe21e3,The Swan,59.30069117394693,18.014554055349386,Nioörtsvägen 36,4003,116 21,SE,Stockholm,Storstockholm,Sverige,Pub,3.0,4.0,,2.0,,,,,,"Nioörtsvägen 36, Hägersten, Sverige","Restaurant, Pub, Karaoke Bar"
95,95,4b44f002f964a520420026e3,Pub Mickel Räv,59.25405169261254,18.08298110961914,Pepparvägen 27,4402,116 21,SE,Stockholm,Storstockholm,Sverige,Pub,1.0,2.0,,1.0,,,,,,"Pepparvägen 27, Stockholm, Sverige","Pizza Place, Pub"
96,96,4b57461ff964a520ad2e28e3,Galway’s,59.33597650638392,18.06720235023665,Kungsgatan 24,4808,111 35,SE,Stockholm,Storstockholm,Sverige,Irish Pub,29.0,59.0,5.9,,Credit Cards: Yes,+468247542,galwaysirishpub,,,"Kungsgatan 24, 111 35 Stockholm, Sverige",Irish Pub
97,97,4b8d7f35f964a5204bff32e3,Göta Ark,59.3155627462222,18.070303462452134,Medborgarplatsen 25,2558,118 72,SE,Stockholm,Storstockholm,Sverige,Pub,6.0,3.0,5.3,2.0,,+4686424242,,,,"Medborgarplatsen 25, 118 72 Stockholm, Sverige","Bar, Restaurant, Pub"
98,98,4bc6f4e392b376b0fdcc4e3a,Bara Ute,59.313878449663974,18.03463990913844,Hornstulls Strand 17,3582,117 39,SE,Stockholm,Storstockholm,Sverige,Pub,2.0,4.0,5.3,1.0,,,,204419212911588,,"Hornstulls Strand 17, 117 39 Stockholm, Sverige",Pub
99,99,4de138fb8877aab7fe5e77f8,Old Port Pub,59.35048333855672,18.111364967177483,M/S Silja Symphony,6525,117 39,SE,Stockholm,Storstockholm,Sverige,Pub,1.0,2.0,,1.0,Credit Cards: Yes,,,,,"M/S Silja Symphony, Stockholm, Sverige",Pub
100,100,4ba09fb6f964a520c77437e3,Kontoret Bar & Matsal,59.33973608412038,18.088297543188485,Bältgatan 2,5142,114 59,SE,Stockholm,Storstockholm,Sverige,Scandinavian Restaurant,7.0,9.0,5.8,2.0,Credit Cards: Yes,+4686623088,,,,"Bältgatan 2, 114 59 Stockholm, Sverige","Scandinavian Restaurant, Bar"
101,101,5aa3cf8afd16bb3e1c157bd1,Bron,59.337917000000004,18.035598999999998,Sankt Eriksgatan 64,5636,113 20,SE,Stockholm,Storstockholm,Sverige,Pub,0.0,2.0,,2.0,,+468326465,,,,"Sankt Eriksgatan 64, 113 20 Stockholm, Sverige","Restaurant, Pub"
102,102,506f05e7e4b052d994a66cbb,Harrys,59.31387041536355,18.06477483049413,Swedenborgsgatan 24,2497,118 27,SE,Stockholm,Storstockholm,Sverige,Pub,1.0,3.0,5.1,1.0,,+4687203350,,,,"Swedenborgsgatan 24 (Södermalm), 118 27 Stockholm, Sverige",Pub
103,103,4af52613f964a52070f821e3,Löwenbräu,59.331909277044275,18.026830425970115,Fridhemsplan 29,5346,112 40,SE,Stockholm,Storstockholm,Sverige,Pub,5.0,12.0,5.5,2.0,Credit Cards: Yes,+4686539770,,,,"Fridhemsplan 29, 112 40 Stockholm, Sverige","German Restaurant, Pub"
104,104,4b2ba3d5f964a52092b824e3,Spitfire,59.337997439029294,18.069375329006718,Birger Jarlsgatan 33,5007,111 45,SE,Stockholm,Storstockholm,Sverige,Pub,7.0,22.0,5.2,1.0,,+4686115340,,,,"Birger Jarlsgatan 33, 111 45 Stockholm, Sverige",Pub
105,105,4caceb512f08236a70e18f61,Bagpipers,59.340411944957644,18.03066730499268,Rörstrandsgatan 21,6016,113 42,SE,Stockholm,Storstockholm,Sverige,Pub,1.0,3.0,5.4,1.0,Credit Cards: Yes,,,,,"Rörstrandsgatan 21, 113 42 Stockholm, Sverige",Pub
106,106,4adcdae8f964a5203f5921e3,Freys Hotel,59.33286848928052,18.05829287207973,Bryggargatan 12,4601,111 21,SE,Stockholm,Storstockholm,Sverige,Hotel,20.0,30.0,6.9,,Credit Cards: Yes (incl. American Express),+46850621300,,,,"Bryggargatan 12, 111 21 Stockholm, Sverige",Hotel
107,107,4de15671d22d2a4ecdab314b,META,59.348046320867006,18.071333241562343,Osquars Backe 21,6100,111 21,SE,Stockholm,Storstockholm,Sverige,Pub,0.0,7.0,,,,,,,,"Osquars Backe 21, Stockholm, Sverige","Student Center, Pub"
108,108,4adcdaf0f964a520695b21e3,Carmen,59.3150353439112,18.07629347918895,Tjärhovsgatan 14,2422,116 21,SE,Stockholm,Storstockholm,Sverige,Dive Bar,30.0,96.0,6.7,1.0,Credit Cards: Yes,+4686412470,,,,"Tjärhovsgatan 14 (Östgötagatan), 116 21 Stockholm, Sverige","Dive Bar, Bar"
109,109,4dff5fdb52b1d747f67965ed,The Bishops Arms,59.338338313638324,18.075018087178247,Linnégatan 1,5004,114 36,SE,Stockholm,Storstockholm,Sverige,Bar,9.0,24.0,5.6,2.0,Credit Cards: Yes,+46855562700,,,,"Linnégatan 1 (Sturegatan), 114 36 Stockholm, Sverige",Bar
110,110,4b09754cf964a520901723e3,Stringfellows,59.34165378843733,18.037467642924206,Torsgatan 48,5956,113 37,SE,Stockholm,Storstockholm,Sverige,Bar,6.0,11.0,5.6,2.0,,+468327717,,,,"Torsgatan 48 (S:t Eriksgatan), 113 37 Stockholm, Sverige",Bar
111,111,4ca633dfa6e08cfaed557894,Honey Honey,59.31465103906456,18.076331912722694,Folkungagatan 59,2379,116 22,SE,Stockholm,Storstockholm,Sverige,Bar,7.0,29.0,5.3,2.0,Credit Cards: Yes,+4686447790,,,,"Folkungagatan 59 (Östgötagatan), 116 22 Stockholm, Sverige",Bar
112,112,4c4c695646240f47bce0c1f4,Pig & Whistle,59.31454898011839,18.071114871516517,Folkungagatan 59,2437,118 72,SE,Stockholm,Storstockholm,Sverige,Pub,6.0,5.0,4.9,2.0,Credit Cards: Yes,+4686436335,,,,"118 72 Stockholm, Sverige","Bar, Irish Pub, Pub"
113,113,4ccae26a82bfa35df29855c9,Golden Glandore,59.31449189725196,18.076061493053388,Folkungagatan 57-59,2364,116 22,SE,Stockholm,Storstockholm,Sverige,Pub,9.0,5.0,4.9,,Credit Cards: Yes,+4686439322,,116616578411363,http://www.jamesonpub.se/koket/,"Folkungagatan 57-59 (Östgötagatan), 116 22 Stockholm, Sverige","Irish Pub, Bar, Pub"
114,114,4adcdaebf964a520d05921e3,The Londoner,59.33946855799367,18.08146822567063,Karlavägen 52-54,5107,114 49,SE,Stockholm,Storstockholm,Sverige,Pub,8.0,13.0,5.0,1.0,Credit Cards: Yes,+4686650987,,,,"Karlavägen 52-54, 114 49 Stockholm, Sverige","Pub, Sports Bar"
115,115,4adcdaebf964a520af5921e3,The Big Ben,59.315474336989496,18.083528378765774,Folkungagatan 97,2435,116 30,SE,Stockholm,Storstockholm,Sverige,Bar,16.0,19.0,5.2,2.0,Credit Cards: Yes,+4686414044,,,,"Folkungagatan 97, 116 30 Stockholm, Sverige","Bar, Comedy Club"
116,116,4d7236a9311f6ea82e0dd8ea,Håkans Bar,59.3664127,17.98924273,Råsundavägen 133,9716,169 50,SE,Solna,Storstockholm,Sverige,Pub,1.0,3.0,,1.0,Credit Cards: Yes,+468276935,,182607848438071,,"Råsundavägen 133, 169 50 Solna, Sverige","Pub, Pizza Place"
117,117,4d7295f48e12b1f7a9b23d05,Falconer,59.360834893985704,17.971965896510664,Järnvägsgatan 10,9808,172 35,SE,Solna,Storstockholm,Sverige,Pub,0.0,0.0,,1.0,,+468287013,,,,"Järnvägsgatan 10, 172 35, Sverige",Pub
118,118,4da57a446a23904516cb6dd1,Österhof,59.336449047626346,18.077003851929,Humlegårdsgatan 6,4784,114 46,SE,Stockholm,Storstockholm,Sverige,Pub,4.0,6.0,4.9,1.0,,,,,,"Humlegårdsgatan 6, 114 46 Stockholm, Sverige",Pub
119,119,570d437b498eafdb3cc85928,King's Table,59.33901373194355,18.06028885798793,Sveavägen 64,5225,111 34,SE,Stockholm,Storstockholm,Sverige,Pub,5.0,5.0,4.9,1.0,Credit Cards: Yes,+468214455,table_kings,1449666045264095,http://www.kingstablesweden.com/#!food-/l72eh,"Sveavägen 64, 111 34 Stockholm, Sverige","Pub, Dive Bar"
120,120,4adcdaecf964a520135a21e3,The Soap Bar,59.33318904339642,18.076357910763797,Nybrogatan 1,4426,114 34,SE,Stockholm,Storstockholm,Sverige,Bar,27.0,50.0,5.2,2.0,Credit Cards: Yes (incl. American Express),+4686110021,,,,"Nybrogatan 1, 114 34 Stockholm, Sverige","Bar, Cocktail Bar"
121,121,539f4d96498e40a9f6ad4a56,The Flying Dog,59.334726190895566,18.055653558781355,Vasagatan 52,4845,114 34,SE,Stockholm,Storstockholm,Sverige,Gastropub,21.0,61.0,6.0,3.0,Credit Cards: Yes,+468222902,,478628772282159,,"Vasagatan 52, Stockholm, Sverige","Gastropub, Beer Garden"
122,122,4c7642533adda143027d09af,Blues Kök & Bar,59.29299726707156,18.08166331062889,Arenavägen 61,128,121 77,SE,Johanneshov,Storstockholm,Sverige,Diner,4.0,10.0,5.6,1.0,Credit Cards: Yes,+4686002020,,,,"Arenavägen 61 (Globen), 121 77 Johanneshov, Sverige","Diner, Burger Joint"
123,123,506b1827e4b0670d3fe7a814,Humlehof Bistro,59.340451879780595,18.03146580282712,Rörstrandsgatan,5997,121 77,SE,Stockholm,Storstockholm,Sverige,Pub,3.0,1.0,4.8,,,,,,,"Rörstrandsgatan, Stockholm, Sverige","Czech Restaurant, Pub, German Restaurant"
124,124,4baa74b6f964a520d16b3ae3,Molly Malones,59.34216332231307,18.047716445239594,Odengatan 83,5777,113 22,SE,Stockholm,Storstockholm,Sverige,Irish Pub,4.0,9.0,5.3,,,,,,,"Odengatan 83, 113 22 Stockholm, Sverige","Irish Pub, Bar, Beer Bar"
125,125,4c002ebcc30a2d7f2d29121d,Gröne Jägaren,59.31346678472242,18.073793653988727,Götgatan 64,2280,118 26,SE,Stockholm,Storstockholm,Sverige,Dive Bar,9.0,11.0,5.4,1.0,Credit Cards: Yes,+4686409600,,,,"Götgatan 64, 118 26 Stockholm, Sverige","Dive Bar, Bar, Karaoke Bar"
126,126,4bf530b8e5eba593f26f2090,Hotel Riddargatan,59.33448201207308,18.07671055067568,Riddargatan 14,4567,114 35,SE,Stockholm,Storstockholm,Sverige,Hotel,19.0,18.0,5.5,,Credit Cards: Yes,,,,,"Riddargatan 14, 114 35 Stockholm, Sverige",Hotel
127,127,4b9fec91f964a520c44a37e3,Flying Horse,59.3445885,18.056757699999935,Odengatan 44,5877,113 50,SE,Stockholm,Storstockholm,Sverige,Sports Bar,7.0,18.0,5.1,1.0,Credit Cards: Yes,+4686126378,,,,"Odengatan 44 (Luntmakargatan), 113 50 Stockholm, Sverige","Sports Bar, Burger Joint, Gastropub"
